cell_id,rep_seed,p_post,z_post,rmse_spectral
delta0,18000,0.069767,0.985904,1.704283
delta0,18001,0.003322,5.191631,1.599747
delta0,18002,0.44186,-1.079012,1.080368
delta0,18003,0.774086,-2.275332,1.261002
delta0,18004,0.86711,-2.620457,1.24368
delta0,18005,0.518272,-1.319943,1.402662
delta0,18006,0.418605,-0.977886,1.309278
delta0,18007,0.518272,-1.340348,1.296464
delta0,18008,0.418605,-0.976687,1.438993
delta0,18009,0.750831,-2.172844,1.234396
delta0,18010,0.053156,1.10133,1.258881
delta0,18011,0.58804,-1.559002,1.209399
delta0,18012,0.498339,-1.251146,1.295199
delta0,18013,0.009967,3.618201,1.387254
delta0,18014,0.388704,-0.846469,1.147397
delta0,18015,0.189369,0.145964,1.197411
delta0,18016,0.285714,-0.440954,1.290406
delta0,18017,0.730897,-2.086558,1.06941
delta0,18018,0.637874,-1.76387,1.479113
delta0,18019,0.272425,-0.366975,1.368882
delta0,18020,0.202658,0.083752,1.207539
delta0,18021,0.421927,-1.008263,1.189628
delta0,18022,0.119601,0.615631,1.231032
delta0,18023,0.69103,-1.920794,1.36104
delta0,18024,0.51495,-1.309901,1.276161
delta0,18025,0.58804,-1.560783,1.324906
delta0,18026,0.69103,-1.949049,1.095596
delta0,18027,0.093023,0.758888,1.164526
delta0,18028,0.860465,-2.5664,1.329952
delta0,18029,0.61794,-1.66092,1.17631
delta0,18030,0.043189,1.319207,1.08957
delta0,18031,0.232558,-0.220385,1.262625
delta0,18032,0.920266,-3.002428,1.151438
delta0,18033,0.76412,-2.239192,1.384931
delta0,18034,0.043189,1.301262,1.266003
delta0,18035,0.033223,1.683502,1.261879
delta0,18036,0.750831,-2.203732,1.010026
delta0,18037,0.222591,-0.177357,1.300608
delta0,18038,0.059801,1.033582,1.338568
delta0,18039,0.61794,-1.680443,1.134229
delta0,18040,0.222591,-0.1719,1.174661
delta0,18041,0.750831,-2.210178,1.265489
delta0,18042,0.23588,-0.236331,1.435238
delta0,18043,0.368771,-0.753611,1.110491
delta0,18044,0.192691,0.12985,1.418748
delta0,18045,0.046512,1.166275,1.503364
delta0,18046,0.069767,0.975107,1.237413
delta0,18047,0.760797,-2.22026,1.110959
delta0,18048,0.55814,-1.520933,1.194351
delta0,18049,0.019934,2.638169,1.209798
delta0,18050,0.584718,-1.549512,1.289228
delta0,18051,0.936877,-3.127896,1.067616
delta0,18052,0.518272,-1.335982,1.396256
delta0,18053,0.747508,-2.13579,1.181278
delta0,18054,0.003322,5.290134,1.434139
delta0,18055,0.292359,-0.458501,1.25599
delta0,18056,0.730897,-2.085805,1.273486
delta0,18057,0.614618,-1.642742,1.230448
delta0,18058,0.833887,-2.465266,1.291983
delta0,18059,0.139535,0.511671,1.382532
delta0,18060,0.189369,0.144389,1.211218
delta0,18061,0.784053,-2.302184,1.311021
delta0,18062,0.614618,-1.629923,1.364746
delta0,18063,0.943522,-3.202162,1.322011
delta0,18064,0.003322,7.072935,1.418349
delta0,18065,0.262458,-0.333623,1.254299
delta0,18066,0.9701,-3.706871,1.285207
delta0,18067,0.019934,2.706036,1.221778
delta0,18068,0.671096,-1.85851,1.24343
delta0,18069,0.275748,-0.410263,1.385769
delta0,18070,0.036545,1.587486,1.360473
delta0,18071,0.674419,-1.863595,1.23652
delta0,18072,0.033223,2.129435,1.333646
delta0,18073,0.093023,0.778962,1.175341
delta0,18074,0.883721,-2.70876,1.315017
delta0,18075,0.043189,1.419607,1.342021
delta0,18076,0.398671,-0.891013,1.156761
delta0,18077,0.750831,-2.184869,1.57449
delta0,18078,0.023256,2.407622,1.282063
delta0,18079,0.255814,-0.319699,1.29543
delta0,18080,0.79402,-2.316202,1.334864
delta0,18081,0.548173,-1.494349,1.10408
delta0,18082,0.033223,1.802232,1.310498
delta0,18083,0.398671,-0.892609,1.208069
delta0,18084,0.524917,-1.420108,1.116097
delta0,18085,0.594684,-1.57909,1.269381
delta0,18086,0.043189,1.377095,1.301261
delta0,18087,0.375415,-0.826727,1.259868
delta0,18088,0.475083,-1.192433,1.208029
delta0,18089,0.501661,-1.272273,1.315601
delta0,18090,0.993355,-4.195957,1.251882
delta0,18091,0.820598,-2.427912,1.189808
delta0,18092,0.139535,0.484395,1.357142
delta0,18093,0.003322,7.831399,1.378193
delta0,18094,0.966777,-3.567897,1.305773
delta0,18095,0.202658,0.103211,1.344068
delta0,18096,0.202658,0.087803,1.362015
delta0,18097,0.76412,-2.238818,1.144834
delta0,18098,0.212625,-0.072608,1.314676
delta0,18099,0.099668,0.690937,1.379848
delta0,18100,0.966777,-3.525165,1.281507
delta0,18101,0.677741,-1.873297,1.266894
delta0,18102,0.750831,-2.192961,1.213903
delta0,18103,0.863787,-2.612645,1.175833
delta0,18104,0.295681,-0.508072,1.291455
delta0,18105,0.973422,-3.75177,1.268674
delta0,18106,0.571429,-1.529232,1.098784
delta0,18107,0.033223,1.725069,1.400551
delta0,18108,0.531561,-1.45353,1.296092
delta0,18109,0.033223,2.247278,1.530814
delta0,18110,0.471761,-1.175573,1.089947
delta0,18111,0.219269,-0.154741,1.26131
delta0,18112,0.036545,1.601644,1.44777
delta0,18113,0.245847,-0.260094,1.143697
delta0,18114,0.727575,-2.058097,1.281225
delta0,18115,0.126246,0.583225,1.182577
delta0,18116,0.202658,0.07563,1.150413
delta0,18117,0.418605,-0.969124,1.445669
delta0,18118,0.033223,2.272864,1.161284
delta0,18119,0.215947,-0.120204,1.373009
delta0,18120,0.179402,0.195636,1.210992
delta0,18121,0.621262,-1.699613,1.338743
delta0,18122,0.013289,2.965598,1.629094
delta0,18123,0.468439,-1.157012,1.159656
delta0,18124,0.421927,-0.993514,1.276408
delta0,18125,0.212625,-0.111638,1.220665
delta0,18126,0.315615,-0.582585,1.278326
delta0,18127,0.883721,-2.724951,1.216957
delta0,18128,0.813953,-2.401187,1.218059
delta0,18129,0.089701,0.812955,1.276097
delta0,18130,0.637874,-1.761449,1.246879
delta0,18131,0.840532,-2.483808,1.252737
delta0,18132,0.963455,-3.470695,1.205573
delta0,18133,0.750831,-2.17401,1.370814
delta0,18134,0.518272,-1.348677,1.243405
delta0,18135,0.013289,2.989197,1.249298
delta0,18136,0.009967,3.830096,1.378777
delta0,18137,0.647841,-1.794585,1.230895
delta0,18138,0.30897,-0.546036,1.277928
delta0,18139,0.830565,-2.454218,1.239499
delta0,18140,0.229236,-0.197346,1.235328
delta0,18141,0.009967,3.718494,1.394386
delta0,18142,0.657807,-1.802435,1.442816
delta0,18143,0.159468,0.357756,1.212842
delta0,18144,0.033223,1.841267,1.177573
delta0,18145,0.252492,-0.279136,1.244916
delta0,18146,0.431894,-1.038756,1.006652
delta0,18147,0.481728,-1.210013,1.243233
delta0,18148,0.352159,-0.710415,1.212797
delta0,18149,0.797342,-2.338609,1.258398
delta0,18150,0.518272,-1.334819,1.253699
delta0,18151,0.23588,-0.226551,1.134266
delta0,18152,0.232558,-0.216709,1.243627
delta0,18153,0.541528,-1.464155,1.631387
delta0,18154,0.920266,-3.027481,1.160005
delta0,18155,0.524917,-1.415856,1.182207
delta0,18156,0.38206,-0.836135,1.312523
delta0,18157,0.186047,0.162664,1.383741
delta0,18158,0.139535,0.542671,1.374536
delta0,18159,0.093023,0.744285,1.421021
delta0,18160,0.019934,2.679716,1.511064
delta0,18161,0.142857,0.44289,1.139136
delta0,18162,0.69103,-1.921622,1.340446
delta0,18163,0.415282,-0.95109,1.290317
delta0,18164,0.790698,-2.308431,1.138417
delta0,18165,0.631229,-1.728306,1.199497
delta0,18166,0.634551,-1.75102,1.354482
delta0,18167,0.710963,-1.99024,1.097792
delta0,18168,0.166113,0.341187,1.411694
delta0,18169,0.388704,-0.855167,1.062425
delta0,18170,0.601329,-1.60973,1.245542
delta0,18171,0.883721,-2.753585,1.273561
delta0,18172,0.438538,-1.060749,1.280348
delta0,18173,0.920266,-3.006089,1.37015
delta0,18174,0.41196,-0.924063,1.241049
delta0,18175,0.036545,1.557873,1.316514
delta0,18176,0.202658,0.082237,1.377805
delta0,18177,0.41196,-0.924745,1.126077
delta0,18178,0.112957,0.63279,1.46196
delta0,18179,0.013289,3.439152,1.424064
delta0,18180,0.013289,3.163486,1.456311
delta0,18181,0.780731,-2.292912,1.389656
delta0,18182,0.046512,1.206525,1.102675
delta0,18183,0.033223,1.925545,1.565311
delta0,18184,0.089701,0.817616,1.478072
delta0,18185,0.196013,0.119807,1.324762
delta0,18186,0.847176,-2.519318,1.115989
delta0,18187,0.013289,3.452051,1.451925
delta0,18188,0.933555,-3.059356,1.194036
delta0,18189,0.215947,-0.126871,1.025517
delta0,18190,0.009967,3.736734,1.453043
delta0,18191,0.30897,-0.534087,1.147764
delta0,18192,0.295681,-0.493734,1.162215
delta0,18193,0.259136,-0.327432,1.311854
delta0,18194,0.534884,-1.455858,1.320692
delta0,18195,0.813953,-2.404304,1.379319
delta0,18196,0.883721,-2.707776,1.171272
delta0,18197,0.45515,-1.107061,1.203255
delta0,18198,0.55814,-1.507324,1.171238
delta0,18199,0.036545,1.500018,1.425703
delta0,18200,0.468439,-1.155953,1.140247
delta0,18201,0.049834,1.149209,1.307776
delta0,18202,0.189369,0.136828,1.264495
delta0,18203,0.38206,-0.835718,1.383472
delta0,18204,0.375415,-0.798303,1.1932
delta0,18205,0.724252,-2.041899,1.278766
delta0,18206,0.401993,-0.905701,1.415627
delta0,18207,0.803987,-2.373172,1.356497
delta0,18208,0.920266,-2.997654,1.366684
delta0,18209,0.730897,-2.076031,1.232552
delta0,18210,0.976744,-3.785098,1.189107
delta0,18211,0.003322,5.600812,1.435382
delta0,18212,0.740864,-2.094596,1.368782
delta0,18213,0.916944,-2.964228,1.311818
delta0,18214,0.760797,-2.231086,1.331092
delta0,18215,0.149502,0.400857,1.211616
delta0,18216,0.305648,-0.530778,1.281854
delta0,18217,0.893688,-2.822197,1.083144
delta0,18218,0.657807,-1.805167,1.321321
delta0,18219,0.468439,-1.152298,1.313541
delta0,18220,0.315615,-0.569968,1.389801
delta0,18221,0.548173,-1.492431,1.205942
delta0,18222,0.817276,-2.413477,1.359881
delta0,18223,0.531561,-1.448418,1.239453
delta0,18224,0.641196,-1.782565,1.10445
delta0,18225,0.033223,2.064546,1.596741
delta0,18226,0.710963,-1.995066,1.386365
delta0,18227,0.760797,-2.230909,1.478031
delta0,18228,0.272425,-0.376297,1.392149
delta0,18229,0.129568,0.578462,1.40983
delta0,18230,0.013289,3.308946,1.584304
delta0,18231,0.043189,1.319707,1.239969
delta0,18232,0.933555,-3.10809,1.109875
delta0,18233,0.524917,-1.414355,1.237926
delta0,18234,0.674419,-1.868188,1.254019
delta0,18235,0.139535,0.549322,1.475133
delta0,18236,0.966777,-3.57237,1.195606
delta0,18237,0.222591,-0.166442,1.429634
delta0,18238,0.026578,2.317739,1.235433
delta0,18239,0.710963,-1.977362,1.31977
delta0,18240,0.033223,2.277772,1.104968
delta0,18241,0.61794,-1.676993,1.220513
delta0,18242,0.55814,-1.521285,1.185056
delta0,18243,0.33887,-0.647885,1.293399
delta0,18244,0.637874,-1.767024,1.336273
delta0,18245,0.315615,-0.577978,1.176233
delta0,18246,0.48505,-1.224526,1.005832
delta0,18247,0.724252,-2.038001,1.050853
delta0,18248,0.960133,-3.4474,1.22455
delta0,18249,0.641196,-1.772658,1.221013
delta0,18250,0.45515,-1.106544,1.340849
delta0,18251,0.053156,1.083024,1.226363
delta0,18252,0.009967,4.019652,1.487791
delta0,18253,0.282392,-0.430282,1.567589
delta0,18254,0.142857,0.414298,1.079264
delta0,18255,0.740864,-2.101011,1.175986
delta0,18256,0.634551,-1.740194,1.096124
delta0,18257,0.215947,-0.139407,1.260847
delta0,18258,0.803987,-2.366888,1.180268
delta0,18259,0.677741,-1.881427,1.312327
delta0,18260,0.548173,-1.492838,1.336944
delta0,18261,0.893688,-2.809761,1.086388
delta0,18262,0.744186,-2.130857,1.150681
delta0,18263,0.033223,1.733174,1.37806
delta0,18264,0.58804,-1.560547,1.366682
delta0,18265,0.468439,-1.166092,1.192887
delta0,18266,0.48505,-1.215932,1.262498
delta0,18267,0.003322,6.989856,1.324315
delta0,18268,0.212625,-0.094477,1.185471
delta0,18269,0.601329,-1.604876,1.245283
delta0,18270,0.451827,-1.089734,1.23838
delta0,18271,0.428571,-1.029727,1.283163
delta0,18272,0.059801,1.022913,1.455526
delta0,18273,0.521595,-1.401906,1.571739
delta0,18274,0.578073,-1.545541,1.264541
delta0,18275,0.943522,-3.22233,1.151031
delta0,18276,0.033223,2.140647,1.522325
delta0,18277,0.215947,-0.118649,1.168742
delta0,18278,0.272425,-0.368946,1.311944
delta0,18279,0.634551,-1.735822,1.08318
delta0,18280,0.860465,-2.574143,1.352197
delta0,18281,0.900332,-2.855309,1.24499
delta0,18282,0.48505,-1.230793,0.963117
delta0,18283,0.265781,-0.34735,1.236812
delta0,18284,0.019934,2.883978,1.372125
delta0,18285,0.245847,-0.259359,1.360878
delta0,18286,0.076412,0.955192,1.397965
delta0,18287,0.076412,0.943803,1.266465
delta0,18288,0.262458,-0.336047,1.430831
delta0,18289,0.033223,1.957314,1.571969
delta0,18290,0.425249,-1.022821,1.352689
delta0,18291,0.641196,-1.778238,1.245975
delta0,18292,0.099668,0.711057,1.136811
delta0,18293,0.159468,0.364041,1.183706
delta0,18294,0.946844,-3.246253,1.595736
delta0,18295,0.621262,-1.695558,1.27679
delta0,18296,0.345515,-0.693921,1.262183
delta0,18297,0.797342,-2.332995,1.148832
delta0,18298,0.518272,-1.314558,1.149754
delta0,18299,0.730897,-2.067435,1.276383
delta0,18300,0.518272,-1.324005,1.50404
delta0,18301,0.392027,-0.870833,1.261194
delta0,18302,0.684385,-1.890719,1.475764
delta0,18303,0.076412,0.95437,1.150699
delta0,18304,0.421927,-0.999996,1.135323
delta0,18305,0.059801,1.02682,1.288905
delta0,18306,0.425249,-1.027902,1.186226
delta0,18307,0.009967,3.791575,1.733856
delta0,18308,0.33887,-0.652801,1.115354
delta0,18309,0.275748,-0.387883,1.184588
delta0,18310,0.760797,-2.229498,1.321616
delta0,18311,0.043189,1.334464,1.38655
delta0,18312,0.475083,-1.197358,1.255773
delta0,18313,0.634551,-1.749976,1.122604
delta0,18314,0.946844,-3.286308,1.321574
delta0,18315,0.461794,-1.126581,1.346552
delta0,18316,0.594684,-1.587984,1.46861
delta0,18317,0.046512,1.259802,1.318286
delta0,18318,0.033223,1.740408,1.426065
delta0,18319,0.036545,1.496291,1.250151
delta0,18320,0.033223,1.715774,1.279187
delta0,18321,0.707641,-1.976332,1.465411
delta0,18322,0.601329,-1.608292,1.324079
delta0,18323,0.983389,-3.858912,1.371615
delta0,18324,0.139535,0.537091,1.305259
delta0,18325,0.584718,-1.548721,1.10742
delta0,18326,0.521595,-1.393471,1.221921
delta0,18327,0.481728,-1.214695,1.294576
delta0,18328,0.388704,-0.844982,1.046146
delta0,18329,0.584718,-1.553341,1.469337
delta0,18330,0.664452,-1.831256,1.264227
delta0,18331,0.634551,-1.736281,1.21711
delta0,18332,0.634551,-1.740675,1.376958
delta0,18333,0.318937,-0.584005,1.361777
delta0,18334,0.295681,-0.494738,1.413701
delta0,18335,0.375415,-0.797508,1.160314
delta0,18336,0.019934,2.84749,1.547452
delta0,18337,0.212625,-0.111413,1.281835
delta0,18338,0.61794,-1.675521,1.016163
delta0,18339,0.498339,-1.252175,1.357289
delta0,18340,0.730897,-2.073935,1.140415
delta0,18341,0.328904,-0.618571,1.462736
delta0,18342,0.51495,-1.304819,1.152811
delta0,18343,0.046512,1.213003,1.317886
delta0,18344,0.122924,0.593677,1.273117
delta0,18345,0.093023,0.761529,1.465369
delta0,18346,0.750831,-2.151138,1.327726
delta0,18347,0.019934,2.676932,1.488464
delta0,18348,0.003322,4.313328,1.363012
delta0,18349,0.750831,-2.190711,1.304335
delta0,18350,0.986711,-3.953975,1.289046
delta0,18351,0.212625,-0.075864,1.314582
delta0,18352,0.614618,-1.645603,1.061193
delta0,18353,0.019934,2.486451,1.347947
delta0,18354,0.20598,-0.008244,1.206015
delta0,18355,0.740864,-2.092895,1.42723
delta0,18356,0.315615,-0.561455,1.166864
delta0,18357,0.614618,-1.645365,1.035913
delta0,18358,0.461794,-1.131633,1.203085
delta0,18359,0.033223,1.847004,1.434332
delta0,18360,0.461794,-1.149709,1.08478
delta0,18361,0.292359,-0.462175,1.180433
delta0,18362,0.504983,-1.273406,1.207034
delta0,18363,0.209302,-0.017822,1.208008
delta0,18364,0.006645,4.143566,1.206984
delta0,18365,0.20598,-0.003052,1.346167
delta0,18366,0.461794,-1.13537,1.166006
delta0,18367,0.20598,0.054531,1.140714
delta0,18368,0.813953,-2.404029,1.539468
delta0,18369,0.033223,1.832432,1.154229
delta0,18370,0.013289,3.145928,1.564523
delta0,18371,0.142857,0.443611,1.224559
delta0,18372,0.398671,-0.892333,1.192017
delta0,18373,0.30897,-0.539116,1.38514
delta0,18374,0.169435,0.319122,1.157033
delta0,18375,0.079734,0.899254,1.27055
delta0,18376,0.003322,4.406322,1.305419
delta0,18377,0.212625,-0.091656,1.244563
delta0,18378,0.684385,-1.906761,1.233706
delta0,18379,0.219269,-0.146605,1.415508
delta0,18380,0.887043,-2.781115,1.401573
delta0,18381,0.242525,-0.249445,1.363839
delta0,18382,0.222591,-0.168381,1.42041
delta0,18383,0.893688,-2.834808,1.030901
delta0,18384,0.322259,-0.586998,1.092443
delta0,18385,0.750831,-2.208728,1.151152
delta0,18386,0.033223,2.295062,1.19371
delta0,18387,0.541528,-1.465093,1.155654
delta0,18388,0.033223,1.960923,1.240218
delta0,18389,0.637874,-1.765902,1.193779
delta0,18390,0.893688,-2.796068,1.42211
delta0,18391,0.813953,-2.40964,1.134283
delta0,18392,0.714286,-2.00455,1.307683
delta0,18393,0.960133,-3.458043,1.171005
delta0,18394,0.401993,-0.905272,1.167966
delta0,18395,0.518272,-1.317317,1.34878
delta0,18396,0.750831,-2.1676,1.400152
delta0,18397,0.139535,0.491635,1.115933
delta0,18398,0.33887,-0.660472,1.193679
delta0,18399,0.043189,1.321708,1.173802
delta0.5,18000,0.056478,1.049643,1.721358
delta0.5,18001,0.003322,9.931748,1.601225
delta0.5,18002,0.461794,-1.146033,1.177907
delta0.5,18003,0.797342,-2.348675,1.33663
delta0.5,18004,0.810631,-2.385893,1.262836
delta0.5,18005,0.212625,-0.073011,1.57982
delta0.5,18006,0.149502,0.389909,1.345377
delta0.5,18007,0.524917,-1.414143,1.36643
delta0.5,18008,0.375415,-0.798152,1.377629
delta0.5,18009,0.212625,-0.100674,1.368206
delta0.5,18010,0.036545,1.62531,1.319593
delta0.5,18011,0.634551,-1.737433,1.254923
delta0.5,18012,0.667774,-1.8466,1.328697
delta0.5,18013,0.003322,4.651375,1.438289
delta0.5,18014,0.312292,-0.553447,1.166213
delta0.5,18015,0.066445,1.01171,1.242824
delta0.5,18016,0.335548,-0.63817,1.348087
delta0.5,18017,0.727575,-2.051316,1.104465
delta0.5,18018,0.601329,-1.601627,1.560033
delta0.5,18019,0.189369,0.133417,1.423055
delta0.5,18020,0.179402,0.192679,1.26911
delta0.5,18021,0.421927,-0.999331,1.228982
delta0.5,18022,0.139535,0.459178,1.286159
delta0.5,18023,0.524917,-1.425025,1.400448
delta0.5,18024,0.45515,-1.108167,1.331103
delta0.5,18025,0.524917,-1.414807,1.413639
delta0.5,18026,0.681063,-1.882974,1.131514
delta0.5,18027,0.20598,-0.003617,1.166446
delta0.5,18028,0.863787,-2.609523,1.363266
delta0.5,18029,0.61794,-1.659243,1.192561
delta0.5,18030,0.043189,1.328875,1.154543
delta0.5,18031,0.282392,-0.430066,1.287404
delta0.5,18032,0.936877,-3.125756,1.218009
delta0.5,18033,0.800664,-2.359855,1.452541
delta0.5,18034,0.036545,1.603672,1.263387
delta0.5,18035,0.033223,1.923047,1.337971
delta0.5,18036,0.757475,-2.216026,1.024115
delta0.5,18037,0.202658,0.071084,1.362945
delta0.5,18038,0.023256,2.333074,1.374539
delta0.5,18039,0.69103,-1.92103,1.192764
delta0.5,18040,0.033223,1.759923,1.198446
delta0.5,18041,0.750831,-2.170954,1.248622
delta0.5,18042,0.229236,-0.183697,1.460333
delta0.5,18043,0.305648,-0.528233,1.199778
delta0.5,18044,0.202658,0.092134,1.466908
delta0.5,18045,0.033223,2.0279,1.621037
delta0.5,18046,0.046512,1.248776,1.295973
delta0.5,18047,0.750831,-2.206329,1.197858
delta0.5,18048,0.538206,-1.457032,1.208236
delta0.5,18049,0.019934,2.91545,1.20053
delta0.5,18050,0.169435,0.309023,1.394241
delta0.5,18051,0.910299,-2.893844,1.115425
delta0.5,18052,0.093023,0.760014,1.463344
delta0.5,18053,0.687708,-1.913605,1.224412
delta0.5,18054,0.003322,9.014173,1.643694
delta0.5,18055,0.142857,0.441465,1.294353
delta0.5,18056,0.704319,-1.958595,1.262498
delta0.5,18057,0.687708,-1.907797,1.292984
delta0.5,18058,0.770764,-2.265107,1.364345
delta0.5,18059,0.033223,2.287821,1.380496
delta0.5,18060,0.17608,0.237128,1.231502
delta0.5,18061,0.61794,-1.661997,1.348197
delta0.5,18062,0.521595,-1.395545,1.369651
delta0.5,18063,0.933555,-3.074833,1.352201
delta0.5,18064,0.003322,10.455331,1.518339
delta0.5,18065,0.418605,-0.976287,1.261812
delta0.5,18066,0.9701,-3.698697,1.308794
delta0.5,18067,0.003322,6.427337,1.361182
delta0.5,18068,0.681063,-1.884154,1.339339
delta0.5,18069,0.20598,0.007291,1.340277
delta0.5,18070,0.003322,4.354988,1.42353
delta0.5,18071,0.69103,-1.934877,1.235847
delta0.5,18072,0.033223,2.17402,1.370216
delta0.5,18073,0.093023,0.757156,1.245255
delta0.5,18074,0.209302,-0.047621,1.379808
delta0.5,18075,0.033223,1.953782,1.409721
delta0.5,18076,0.418605,-0.968437,1.203196
delta0.5,18077,0.41196,-0.923556,1.654162
delta0.5,18078,0.019934,2.449954,1.384091
delta0.5,18079,0.20598,-0.012459,1.342211
delta0.5,18080,0.621262,-1.687366,1.392489
delta0.5,18081,0.524917,-1.422279,1.124663
delta0.5,18082,0.033223,1.819699,1.309845
delta0.5,18083,0.179402,0.223952,1.204362
delta0.5,18084,0.48505,-1.229451,1.099454
delta0.5,18085,0.601329,-1.609591,1.28485
delta0.5,18086,0.043189,1.381963,1.331804
delta0.5,18087,0.315615,-0.580064,1.303824
delta0.5,18088,0.096346,0.727804,1.21766
delta0.5,18089,0.418605,-0.981402,1.3368
delta0.5,18090,0.996678,-4.292113,1.295708
delta0.5,18091,0.840532,-2.481744,1.227368
delta0.5,18092,0.202658,0.098437,1.386631
delta0.5,18093,0.003322,10.017613,1.535007
delta0.5,18094,0.980066,-3.839524,1.346305
delta0.5,18095,0.20598,0.010482,1.395023
delta0.5,18096,0.186047,0.155878,1.438476
delta0.5,18097,0.800664,-2.362991,1.183434
delta0.5,18098,0.255814,-0.295103,1.38556
delta0.5,18099,0.033223,1.850231,1.407418
delta0.5,18100,0.953488,-3.353096,1.313237
delta0.5,18101,0.677741,-1.876093,1.2691
delta0.5,18102,0.727575,-2.048641,1.241335
delta0.5,18103,0.843854,-2.489982,1.222327
delta0.5,18104,0.468439,-1.156048,1.302254
delta0.5,18105,0.940199,-3.15787,1.326647
delta0.5,18106,0.571429,-1.529828,1.123685
delta0.5,18107,0.033223,1.819978,1.452201
delta0.5,18108,0.093023,0.741257,1.372183
delta0.5,18109,0.003322,5.479762,1.653419
delta0.5,18110,0.372093,-0.784503,1.133244
delta0.5,18111,0.229236,-0.189023,1.24391
delta0.5,18112,0.003322,6.441706,1.492376
delta0.5,18113,0.209302,-0.051443,1.209807
delta0.5,18114,0.657807,-1.811026,1.31325
delta0.5,18115,0.119601,0.627786,1.24247
delta0.5,18116,0.199336,0.113617,1.131559
delta0.5,18117,0.262458,-0.335435,1.575944
delta0.5,18118,0.023256,2.380647,1.11639
delta0.5,18119,0.186047,0.169562,1.42481
delta0.5,18120,0.076412,0.932315,1.256455
delta0.5,18121,0.461794,-1.140667,1.416006
delta0.5,18122,0.003322,5.813306,1.672321
delta0.5,18123,0.219269,-0.145935,1.174313
delta0.5,18124,0.445183,-1.084074,1.37491
delta0.5,18125,0.20598,-0.006226,1.269408
delta0.5,18126,0.408638,-0.918885,1.306185
delta0.5,18127,0.774086,-2.275981,1.241498
delta0.5,18128,0.79402,-2.3226,1.192115
delta0.5,18129,0.033223,2.216111,1.349553
delta0.5,18130,0.375415,-0.787862,1.379665
delta0.5,18131,0.817276,-2.411585,1.311489
delta0.5,18132,0.906977,-2.881787,1.238813
delta0.5,18133,0.621262,-1.69769,1.413394
delta0.5,18134,0.48505,-1.221271,1.318434
delta0.5,18135,0.003322,5.838136,1.396791
delta0.5,18136,0.003322,4.879282,1.476458
delta0.5,18137,0.704319,-1.9701,1.330149
delta0.5,18138,0.299003,-0.521372,1.302247
delta0.5,18139,0.827243,-2.439609,1.348622
delta0.5,18140,0.255814,-0.297782,1.252485
delta0.5,18141,0.009967,3.644338,1.396689
delta0.5,18142,0.644518,-1.783456,1.482926
delta0.5,18143,0.169435,0.258539,1.274587
delta0.5,18144,0.033223,1.718454,1.194299
delta0.5,18145,0.265781,-0.347946,1.251243
delta0.5,18146,0.368771,-0.774501,1.055156
delta0.5,18147,0.265781,-0.348916,1.261817
delta0.5,18148,0.328904,-0.605753,1.263761
delta0.5,18149,0.571429,-1.529003,1.306028
delta0.5,18150,0.521595,-1.393876,1.327412
delta0.5,18151,0.421927,-0.996769,1.159321
delta0.5,18152,0.033223,1.70288,1.270056
delta0.5,18153,0.285714,-0.436973,1.793166
delta0.5,18154,0.920266,-3.021497,1.209652
delta0.5,18155,0.33887,-0.658434,1.220099
delta0.5,18156,0.315615,-0.562139,1.316777
delta0.5,18157,0.166113,0.338246,1.424618
delta0.5,18158,0.046512,1.235084,1.406122
delta0.5,18159,0.013289,2.946923,1.50155
delta0.5,18160,0.019934,2.75066,1.561486
delta0.5,18161,0.142857,0.426294,1.161412
delta0.5,18162,0.621262,-1.694576,1.333971
delta0.5,18163,0.428571,-1.029905,1.270971
delta0.5,18164,0.750831,-2.153349,1.229039
delta0.5,18165,0.66113,-1.814116,1.234326
delta0.5,18166,0.61794,-1.678669,1.406082
delta0.5,18167,0.631229,-1.727899,1.083505
delta0.5,18168,0.122924,0.609649,1.432044
delta0.5,18169,0.518272,-1.31522,1.026858
delta0.5,18170,0.69103,-1.949871,1.237315
delta0.5,18171,0.780731,-2.277127,1.339963
delta0.5,18172,0.418605,-0.976334,1.364573
delta0.5,18173,0.920266,-2.989327,1.419979
delta0.5,18174,0.375415,-0.82394,1.296866
delta0.5,18175,0.003322,4.597103,1.444598
delta0.5,18176,0.179402,0.188728,1.409529
delta0.5,18177,0.358804,-0.719582,1.169488
delta0.5,18178,0.033223,2.206748,1.459657
delta0.5,18179,0.003322,5.581321,1.409196
delta0.5,18180,0.009967,3.737273,1.50502
delta0.5,18181,0.747508,-2.150062,1.441179
delta0.5,18182,0.033223,1.718689,1.167958
delta0.5,18183,0.019934,2.450362,1.769677
delta0.5,18184,0.036545,1.472883,1.460923
delta0.5,18185,0.076412,0.945174,1.419211
delta0.5,18186,0.634551,-1.749725,1.266838
delta0.5,18187,0.009967,3.964503,1.469129
delta0.5,18188,0.946844,-3.283564,1.25185
delta0.5,18189,0.222591,-0.170283,1.086547
delta0.5,18190,0.013289,2.975895,1.509116
delta0.5,18191,0.109635,0.667328,1.268037
delta0.5,18192,0.295681,-0.493169,1.151551
delta0.5,18193,0.295681,-0.497755,1.388526
delta0.5,18194,0.594684,-1.596354,1.330845
delta0.5,18195,0.72093,-2.029409,1.40524
delta0.5,18196,0.79402,-2.317458,1.195255
delta0.5,18197,0.471761,-1.173308,1.237342
delta0.5,18198,0.518272,-1.360802,1.243522
delta0.5,18199,0.043189,1.388238,1.489634
delta0.5,18200,0.461794,-1.144642,1.176229
delta0.5,18201,0.033223,1.949272,1.324638
delta0.5,18202,0.122924,0.601297,1.245416
delta0.5,18203,0.33887,-0.649487,1.437217
delta0.5,18204,0.388704,-0.8463,1.283606
delta0.5,18205,0.727575,-2.054854,1.275541
delta0.5,18206,0.335548,-0.640378,1.450706
delta0.5,18207,0.657807,-1.811803,1.353527
delta0.5,18208,0.920266,-2.991515,1.433645
delta0.5,18209,0.684385,-1.893297,1.253456
delta0.5,18210,0.847176,-2.518631,1.233791
delta0.5,18211,0.003322,5.622833,1.394885
delta0.5,18212,0.684385,-1.896412,1.444653
delta0.5,18213,0.883721,-2.763985,1.354422
delta0.5,18214,0.76412,-2.231612,1.358472
delta0.5,18215,0.122924,0.602449,1.198372
delta0.5,18216,0.209302,-0.031557,1.319305
delta0.5,18217,0.916944,-2.97485,1.113486
delta0.5,18218,0.621262,-1.694498,1.416275
delta0.5,18219,0.089701,0.836108,1.375463
delta0.5,18220,0.398671,-0.888903,1.428898
delta0.5,18221,0.671096,-1.854476,1.22401
delta0.5,18222,0.657807,-1.809979,1.41271
delta0.5,18223,0.521595,-1.400317,1.300055
delta0.5,18224,0.657807,-1.806379,1.136889
delta0.5,18225,0.013289,3.482762,1.713793
delta0.5,18226,0.461794,-1.148464,1.401598
delta0.5,18227,0.468439,-1.16233,1.541539
delta0.5,18228,0.043189,1.335721,1.53014
delta0.5,18229,0.139535,0.508885,1.515165
delta0.5,18230,0.003322,5.508692,1.617518
delta0.5,18231,0.039867,1.452404,1.216378
delta0.5,18232,0.936877,-3.117244,1.07909
delta0.5,18233,0.375415,-0.812877,1.279939
delta0.5,18234,0.614618,-1.648527,1.291371
delta0.5,18235,0.139535,0.4544,1.44821
delta0.5,18236,0.966777,-3.494696,1.179441
delta0.5,18237,0.033223,2.292161,1.60012
delta0.5,18238,0.019934,2.518263,1.344515
delta0.5,18239,0.710963,-1.980757,1.348878
delta0.5,18240,0.023256,2.331635,1.159368
delta0.5,18241,0.61794,-1.66126,1.291691
delta0.5,18242,0.614618,-1.637842,1.229172
delta0.5,18243,0.275748,-0.419695,1.295003
delta0.5,18244,0.019934,2.588333,1.497911
delta0.5,18245,0.275748,-0.391379,1.184867
delta0.5,18246,0.481728,-1.214596,1.046488
delta0.5,18247,0.594684,-1.595133,1.135308
delta0.5,18248,0.966777,-3.568281,1.280102
delta0.5,18249,0.594684,-1.583543,1.274265
delta0.5,18250,0.282392,-0.432822,1.433934
delta0.5,18251,0.019934,2.659385,1.326435
delta0.5,18252,0.003322,4.750395,1.511578
delta0.5,18253,0.109635,0.645651,1.683325
delta0.5,18254,0.069767,1.000515,1.162017
delta0.5,18255,0.724252,-2.045185,1.233758
delta0.5,18256,0.677741,-1.876264,1.141432
delta0.5,18257,0.215947,-0.137728,1.322697
delta0.5,18258,0.750831,-2.20337,1.20978
delta0.5,18259,0.471761,-1.190362,1.388718
delta0.5,18260,0.710963,-1.993567,1.352045
delta0.5,18261,0.883721,-2.703895,1.084206
delta0.5,18262,0.684385,-1.896882,1.240655
delta0.5,18263,0.053156,1.08061,1.562475
delta0.5,18264,0.58804,-1.562436,1.396251
delta0.5,18265,0.518272,-1.37611,1.268427
delta0.5,18266,0.478405,-1.201242,1.304867
delta0.5,18267,0.003322,9.006301,1.44552
delta0.5,18268,0.169435,0.297574,1.259771
delta0.5,18269,0.591362,-1.57141,1.309338
delta0.5,18270,0.45515,-1.110115,1.225563
delta0.5,18271,0.358804,-0.72605,1.305437
delta0.5,18272,0.119601,0.62704,1.452138
delta0.5,18273,0.069767,0.997431,1.640116
delta0.5,18274,0.451827,-1.092378,1.27262
delta0.5,18275,0.933555,-3.099781,1.173425
delta0.5,18276,0.009967,3.984278,1.562617
delta0.5,18277,0.076412,0.936868,1.26643
delta0.5,18278,0.275748,-0.391868,1.348757
delta0.5,18279,0.531561,-1.450458,1.043673
delta0.5,18280,0.295681,-0.486016,1.480743
delta0.5,18281,0.940199,-3.180176,1.353078
delta0.5,18282,0.302326,-0.52743,1.017218
delta0.5,18283,0.212625,-0.080216,1.31019
delta0.5,18284,0.003322,9.128617,1.522399
delta0.5,18285,0.245847,-0.265531,1.392456
delta0.5,18286,0.033223,2.269198,1.458231
delta0.5,18287,0.036545,1.479232,1.378021
delta0.5,18288,0.255814,-0.287781,1.495264
delta0.5,18289,0.033223,1.730059,1.607436
delta0.5,18290,0.312292,-0.553226,1.469625
delta0.5,18291,0.518272,-1.333422,1.275207
delta0.5,18292,0.099668,0.681097,1.163424
delta0.5,18293,0.076412,0.94984,1.196759
delta0.5,18294,0.880399,-2.696946,1.586979
delta0.5,18295,0.61794,-1.672206,1.298642
delta0.5,18296,0.312292,-0.548023,1.264873
delta0.5,18297,0.810631,-2.379155,1.173871
delta0.5,18298,0.614618,-1.63737,1.138972
delta0.5,18299,0.724252,-2.044541,1.290322
delta0.5,18300,0.498339,-1.25094,1.48872
delta0.5,18301,0.139535,0.457821,1.253915
delta0.5,18302,0.61794,-1.660131,1.582777
delta0.5,18303,0.033223,1.783292,1.182493
delta0.5,18304,0.425249,-1.015213,1.135873
delta0.5,18305,0.043189,1.300447,1.285557
delta0.5,18306,0.425249,-1.027841,1.285084
delta0.5,18307,0.003322,8.607803,1.908845
delta0.5,18308,0.33887,-0.657658,1.171319
delta0.5,18309,0.255814,-0.302438,1.299115
delta0.5,18310,0.451827,-1.095889,1.482681
delta0.5,18311,0.009967,3.949115,1.46229
delta0.5,18312,0.508306,-1.286393,1.320541
delta0.5,18313,0.415282,-0.949509,1.157807
delta0.5,18314,0.933555,-3.058934,1.299736
delta0.5,18315,0.571429,-1.5317,1.440822
delta0.5,18316,0.013289,3.41067,1.66058
delta0.5,18317,0.043189,1.302332,1.380827
delta0.5,18318,0.019934,2.512895,1.544653
delta0.5,18319,0.036545,1.562521,1.287528
delta0.5,18320,0.003322,5.8704,1.395214
delta0.5,18321,0.518272,-1.373,1.467015
delta0.5,18322,0.468439,-1.166416,1.320384
delta0.5,18323,0.986711,-3.876127,1.416212
delta0.5,18324,0.119601,0.624525,1.380473
delta0.5,18325,0.571429,-1.534769,1.134242
delta0.5,18326,0.518272,-1.385082,1.254785
delta0.5,18327,0.531561,-1.431315,1.283991
delta0.5,18328,0.33887,-0.659714,1.063515
delta0.5,18329,0.053156,1.083603,1.612226
delta0.5,18330,0.634551,-1.737956,1.398208
delta0.5,18331,0.245847,-0.262918,1.28825
delta0.5,18332,0.69103,-1.914955,1.349458
delta0.5,18333,0.099668,0.702455,1.420451
delta0.5,18334,0.169435,0.25352,1.503186
delta0.5,18335,0.139535,0.497212,1.246391
delta0.5,18336,0.009967,3.549894,1.526907
delta0.5,18337,0.252492,-0.277338,1.262075
delta0.5,18338,0.345515,-0.68143,1.05938
delta0.5,18339,0.302326,-0.527006,1.357978
delta0.5,18340,0.740864,-2.113823,1.150691
delta0.5,18341,0.33887,-0.664268,1.464472
delta0.5,18342,0.624585,-1.708279,1.212207
delta0.5,18343,0.019934,2.544897,1.336952
delta0.5,18344,0.122924,0.592658,1.334995
delta0.5,18345,0.053156,1.094399,1.429371
delta0.5,18346,0.541528,-1.48238,1.433266
delta0.5,18347,0.023256,2.417126,1.508497
delta0.5,18348,0.003322,4.965519,1.343407
delta0.5,18349,0.365449,-0.739508,1.375861
delta0.5,18350,0.9701,-3.711822,1.327849
delta0.5,18351,0.242525,-0.247308,1.345496
delta0.5,18352,0.634551,-1.738306,1.07427
delta0.5,18353,0.003322,4.687291,1.503901
delta0.5,18354,0.209302,-0.041836,1.242838
delta0.5,18355,0.740864,-2.120625,1.409484
delta0.5,18356,0.089701,0.833234,1.330123
delta0.5,18357,0.368771,-0.757226,1.059311
delta0.5,18358,0.292359,-0.456824,1.277118
delta0.5,18359,0.003322,5.826035,1.651848
delta0.5,18360,0.322259,-0.595696,1.12292
delta0.5,18361,0.043189,1.353192,1.269134
delta0.5,18362,0.55814,-1.508958,1.232763
delta0.5,18363,0.202658,0.087858,1.260155
delta0.5,18364,0.009967,4.021728,1.286585
delta0.5,18365,0.046512,1.221265,1.440802
delta0.5,18366,0.299003,-0.522697,1.201603
delta0.5,18367,0.139535,0.503634,1.202381
delta0.5,18368,0.780731,-2.290634,1.641899
delta0.5,18369,0.043189,1.432384,1.281731
delta0.5,18370,0.003322,5.299512,1.795646
delta0.5,18371,0.172757,0.240681,1.214884
delta0.5,18372,0.408638,-0.919349,1.122293
delta0.5,18373,0.45515,-1.11457,1.487946
delta0.5,18374,0.109635,0.64847,1.194426
delta0.5,18375,0.079734,0.913784,1.258577
delta0.5,18376,0.009967,3.751245,1.384343
delta0.5,18377,0.17608,0.238038,1.2793
delta0.5,18378,0.847176,-2.491025,1.238253
delta0.5,18379,0.365449,-0.732056,1.487891
delta0.5,18380,0.714286,-2.004363,1.484936
delta0.5,18381,0.212625,-0.067638,1.424815
delta0.5,18382,0.212625,-0.082462,1.442292
delta0.5,18383,0.847176,-2.536964,1.051174
delta0.5,18384,0.30897,-0.543426,1.220509
delta0.5,18385,0.883721,-2.747947,1.104
delta0.5,18386,0.033223,2.158312,1.193111
delta0.5,18387,0.375415,-0.812971,1.18561
delta0.5,18388,0.033223,1.844856,1.315634
delta0.5,18389,0.710963,-1.991025,1.181321
delta0.5,18390,0.541528,-1.470708,1.535163
delta0.5,18391,0.827243,-2.441047,1.166249
delta0.5,18392,0.508306,-1.286345,1.378743
delta0.5,18393,0.946844,-3.244381,1.189447
delta0.5,18394,0.418605,-0.956672,1.198104
delta0.5,18395,0.212625,-0.086972,1.415843
delta0.5,18396,0.747508,-2.150606,1.440634
delta0.5,18397,0.053156,1.110298,1.236229
delta0.5,18398,0.255814,-0.304311,1.267472
delta0.5,18399,0.033223,1.964782,1.210692
delta1.0,18000,0.009967,4.031042,1.876583
delta1.0,18001,0.003322,20.175892,1.751756
delta1.0,18002,0.033223,2.111561,1.381921
delta1.0,18003,0.797342,-2.33399,1.496708
delta1.0,18004,0.548173,-1.494891,1.328758
delta1.0,18005,0.003322,7.85167,1.877287
delta1.0,18006,0.009967,3.747026,1.455879
delta1.0,18007,0.30897,-0.543328,1.517572
delta1.0,18008,0.009967,3.5956,1.491652
delta1.0,18009,0.003322,7.940726,1.649316
delta1.0,18010,0.019934,2.799923,1.436171
delta1.0,18011,0.129568,0.570949,1.388359
delta1.0,18012,0.677741,-1.874503,1.430323
delta1.0,18013,0.003322,7.741066,1.576031
delta1.0,18014,0.089701,0.828068,1.271393
delta1.0,18015,0.013289,3.361129,1.362619
delta1.0,18016,0.053156,1.132505,1.509132
delta1.0,18017,0.392027,-0.858644,1.235494
delta1.0,18018,0.312292,-0.549685,1.698314
delta1.0,18019,0.009967,3.821126,1.545441
delta1.0,18020,0.056478,1.056438,1.39949
delta1.0,18021,0.375415,-0.823593,1.336249
delta1.0,18022,0.099668,0.687369,1.412772
delta1.0,18023,0.093023,0.746335,1.509065
delta1.0,18024,0.229236,-0.193812,1.480714
delta1.0,18025,0.013289,3.351757,1.573639
delta1.0,18026,0.315615,-0.567338,1.231415
delta1.0,18027,0.043189,1.393231,1.284796
delta1.0,18028,0.601329,-1.6095,1.450914
delta1.0,18029,0.418605,-0.976667,1.299293
delta1.0,18030,0.019934,2.584908,1.323532
delta1.0,18031,0.169435,0.256093,1.409154
delta1.0,18032,0.48505,-1.220354,1.379587
delta1.0,18033,0.033223,1.800707,1.582694
delta1.0,18034,0.019934,2.796366,1.357551
delta1.0,18035,0.013289,3.117099,1.475284
delta1.0,18036,0.222591,-0.171572,1.103674
delta1.0,18037,0.043189,1.413057,1.513949
delta1.0,18038,0.003322,7.398417,1.476383
delta1.0,18039,0.637874,-1.764682,1.345763
delta1.0,18040,0.003322,5.639961,1.30155
delta1.0,18041,0.644518,-1.791739,1.296912
delta1.0,18042,0.089701,0.817234,1.560183
delta1.0,18043,0.076412,0.938916,1.359312
delta1.0,18044,0.139535,0.499541,1.59699
delta1.0,18045,0.003322,8.721657,1.869603
delta1.0,18046,0.033223,2.276982,1.436704
delta1.0,18047,0.730897,-2.063772,1.355873
delta1.0,18048,0.109635,0.640853,1.278498
delta1.0,18049,0.003322,4.263785,1.271192
delta1.0,18050,0.003322,7.523475,1.600077
delta1.0,18051,0.401993,-0.89616,1.218338
delta1.0,18052,0.003322,10.401442,1.683218
delta1.0,18053,0.076412,0.93436,1.328234
delta1.0,18054,0.003322,18.86422,1.961302
delta1.0,18055,0.013289,2.996712,1.398954
delta1.0,18056,0.179402,0.223089,1.342901
delta1.0,18057,0.418605,-0.987132,1.423253
delta1.0,18058,0.056478,1.044921,1.598016
delta1.0,18059,0.003322,7.990613,1.549241
delta1.0,18060,0.142857,0.451209,1.329584
delta1.0,18061,0.076412,0.918093,1.492799
delta1.0,18062,0.139535,0.524152,1.452352
delta1.0,18063,0.870432,-2.647761,1.455607
delta1.0,18064,0.003322,20.043001,1.760396
delta1.0,18065,0.169435,0.318174,1.33737
delta1.0,18066,0.9701,-3.651602,1.386268
delta1.0,18067,0.003322,16.108831,1.647086
delta1.0,18068,0.162791,0.343018,1.510398
delta1.0,18069,0.046512,1.220694,1.36381
delta1.0,18070,0.003322,13.41081,1.643773
delta1.0,18071,0.039867,1.44918,1.325177
delta1.0,18072,0.003322,4.686829,1.493333
delta1.0,18073,0.093023,0.748191,1.387933
delta1.0,18074,0.003322,7.211347,1.605762
delta1.0,18075,0.003322,4.588945,1.557503
delta1.0,18076,0.033223,2.068122,1.319989
delta1.0,18077,0.003322,4.508843,1.869087
delta1.0,18078,0.013289,3.300727,1.548572
delta1.0,18079,0.003322,5.111631,1.557216
delta1.0,18080,0.093023,0.750352,1.514313
delta1.0,18081,0.418605,-0.962672,1.214769
delta1.0,18082,0.003322,6.10621,1.487945
delta1.0,18083,0.019934,2.884152,1.268357
delta1.0,18084,0.255814,-0.323435,1.165085
delta1.0,18085,0.518272,-1.351211,1.40612
delta1.0,18086,0.036545,1.518976,1.426736
delta1.0,18087,0.023256,2.379993,1.412874
delta1.0,18088,0.003322,5.659988,1.304685
delta1.0,18089,0.093023,0.754536,1.426806
delta1.0,18090,0.966777,-3.494313,1.398952
delta1.0,18091,0.847176,-2.501494,1.333352
delta1.0,18092,0.046512,1.232145,1.502702
delta1.0,18093,0.003322,17.537204,1.820186
delta1.0,18094,0.401993,-0.902688,1.444485
delta1.0,18095,0.043189,1.309062,1.515661
delta1.0,18096,0.056478,1.0598,1.587727
delta1.0,18097,0.730897,-2.088703,1.303135
delta1.0,18098,0.033223,2.027711,1.544071
delta1.0,18099,0.003322,5.733155,1.545171
delta1.0,18100,0.345515,-0.69105,1.411613
delta1.0,18101,0.285714,-0.440508,1.338217
delta1.0,18102,0.315615,-0.580671,1.341997
delta1.0,18103,0.574751,-1.539598,1.362317
delta1.0,18104,0.531561,-1.443962,1.404631
delta1.0,18105,0.58804,-1.557957,1.454874
delta1.0,18106,0.551495,-1.50077,1.216967
delta1.0,18107,0.033223,2.088998,1.577688
delta1.0,18108,0.003322,9.485751,1.60808
delta1.0,18109,0.003322,15.436458,1.903733
delta1.0,18110,0.186047,0.15042,1.257843
delta1.0,18111,0.169435,0.280828,1.302407
delta1.0,18112,0.003322,17.621481,1.690662
delta1.0,18113,0.099668,0.709418,1.322559
delta1.0,18114,0.109635,0.675495,1.400346
delta1.0,18115,0.033223,2.263501,1.387266
delta1.0,18116,0.17608,0.233583,1.180162
delta1.0,18117,0.003322,6.887894,1.837726
delta1.0,18118,0.019934,2.683416,1.136921
delta1.0,18119,0.046512,1.279541,1.535257
delta1.0,18120,0.013289,3.129849,1.372708
delta1.0,18121,0.093023,0.794299,1.55304
delta1.0,18122,0.003322,13.323876,1.854554
delta1.0,18123,0.019934,2.881846,1.264185
delta1.0,18124,0.139535,0.495842,1.628354
delta1.0,18125,0.142857,0.420282,1.380728
delta1.0,18126,0.328904,-0.611999,1.412228
delta1.0,18127,0.428571,-1.035785,1.351896
delta1.0,18128,0.475083,-1.190796,1.247242
delta1.0,18129,0.003322,6.245282,1.483738
delta1.0,18130,0.019934,2.484701,1.573463
delta1.0,18131,0.69103,-1.943175,1.4445
delta1.0,18132,0.415282,-0.951672,1.330624
delta1.0,18133,0.033223,1.856678,1.528487
delta1.0,18134,0.20598,0.016382,1.454271
delta1.0,18135,0.003322,13.231207,1.685617
delta1.0,18136,0.003322,9.184138,1.695389
delta1.0,18137,0.328904,-0.605158,1.588549
delta1.0,18138,0.099668,0.721851,1.408952
delta1.0,18139,0.275748,-0.395675,1.510774
delta1.0,18140,0.136213,0.568168,1.346728
delta1.0,18141,0.003322,4.833132,1.479147
delta1.0,18142,0.009967,3.747278,1.678219
delta1.0,18143,0.172757,0.239336,1.403576
delta1.0,18144,0.036545,1.653146,1.295868
delta1.0,18145,0.252492,-0.276442,1.322687
delta1.0,18146,0.019934,2.433539,1.178693
delta1.0,18147,0.023256,2.344476,1.362578
delta1.0,18148,0.242525,-0.246715,1.366792
delta1.0,18149,0.169435,0.324079,1.422776
delta1.0,18150,0.425249,-1.022781,1.485037
delta1.0,18151,0.215947,-0.126009,1.282855
delta1.0,18152,0.003322,7.551913,1.417375
delta1.0,18153,0.013289,3.494059,2.066269
delta1.0,18154,0.920266,-2.996206,1.324544
delta1.0,18155,0.019934,2.467877,1.358075
delta1.0,18156,0.069767,0.970159,1.383604
delta1.0,18157,0.046512,1.179365,1.523802
delta1.0,18158,0.013289,3.404965,1.517226
delta1.0,18159,0.003322,11.321305,1.729162
delta1.0,18160,0.003322,5.513108,1.758739
delta1.0,18161,0.142857,0.431334,1.256315
delta1.0,18162,0.122924,0.610776,1.412607
delta1.0,18163,0.033223,1.971788,1.356982
delta1.0,18164,0.245847,-0.263313,1.402153
delta1.0,18165,0.664452,-1.838257,1.326223
delta1.0,18166,0.036545,1.631889,1.553978
delta1.0,18167,0.212625,-0.085024,1.15764
delta1.0,18168,0.043189,1.316384,1.511511
delta1.0,18169,0.093023,0.760028,1.068167
delta1.0,18170,0.730897,-2.086917,1.301997
delta1.0,18171,0.275748,-0.399743,1.493822
delta1.0,18172,0.358804,-0.718665,1.512239
delta1.0,18173,0.89701,-2.84247,1.534524
delta1.0,18174,0.275748,-0.418286,1.432159
delta1.0,18175,0.003322,10.764115,1.66256
delta1.0,18176,0.013289,3.258878,1.533468
delta1.0,18177,0.202658,0.087152,1.286644
delta1.0,18178,0.003322,6.876381,1.532509
delta1.0,18179,0.003322,12.785242,1.563236
delta1.0,18180,0.003322,6.036091,1.646794
delta1.0,18181,0.508306,-1.286835,1.548228
delta1.0,18182,0.009967,3.927645,1.300036
delta1.0,18183,0.003322,6.254601,2.076853
delta1.0,18184,0.009967,3.646823,1.520578
delta1.0,18185,0.003322,8.576719,1.665329
delta1.0,18186,0.019934,2.573297,1.473066
delta1.0,18187,0.003322,9.267867,1.64578
delta1.0,18188,0.880399,-2.679195,1.377582
delta1.0,18189,0.229236,-0.191171,1.215583
delta1.0,18190,0.003322,8.081987,1.715671
delta1.0,18191,0.013289,3.423843,1.455874
delta1.0,18192,0.285714,-0.446149,1.224509
delta1.0,18193,0.166113,0.339388,1.530129
delta1.0,18194,0.591362,-1.576105,1.403034
delta1.0,18195,0.169435,0.307644,1.519548
delta1.0,18196,0.299003,-0.524717,1.285579
delta1.0,18197,0.461794,-1.137729,1.343811
delta1.0,18198,0.265781,-0.355807,1.388574
delta1.0,18199,0.036545,1.488751,1.639371
delta1.0,18200,0.451827,-1.092458,1.272157
delta1.0,18201,0.009967,3.517175,1.39611
delta1.0,18202,0.019934,2.829693,1.335624
delta1.0,18203,0.209302,-0.031406,1.583626
delta1.0,18204,0.003322,6.560382,1.477767
delta1.0,18205,0.302326,-0.527116,1.350342
delta1.0,18206,0.043189,1.350778,1.577305
delta1.0,18207,0.209302,-0.042886,1.44281
delta1.0,18208,0.521595,-1.389892,1.572079
delta1.0,18209,0.086379,0.88073,1.365522
delta1.0,18210,0.149502,0.395506,1.370522
delta1.0,18211,0.003322,10.577089,1.52679
delta1.0,18212,0.086379,0.856391,1.637188
delta1.0,18213,0.61794,-1.67683,1.48172
delta1.0,18214,0.750831,-2.18031,1.428452
delta1.0,18215,0.046512,1.172595,1.28018
delta1.0,18216,0.019934,2.721725,1.437896
delta1.0,18217,0.920266,-3.014007,1.206211
delta1.0,18218,0.305648,-0.530051,1.567781
delta1.0,18219,0.003322,6.946736,1.512898
delta1.0,18220,0.292359,-0.4773,1.525253
delta1.0,18221,0.664452,-1.820689,1.299237
delta1.0,18222,0.046512,1.169807,1.561595
delta1.0,18223,0.438538,-1.063078,1.425149
delta1.0,18224,0.375415,-0.796367,1.243193
delta1.0,18225,0.003322,9.735329,1.955655
delta1.0,18226,0.009967,3.871463,1.499384
delta1.0,18227,0.043189,1.42816,1.665114
delta1.0,18228,0.003322,6.740091,1.801271
delta1.0,18229,0.003322,4.4864,1.76177
delta1.0,18230,0.003322,11.934921,1.79519
delta1.0,18231,0.033223,2.230761,1.26249
delta1.0,18232,0.425249,-1.016202,1.13133
delta1.0,18233,0.086379,0.874589,1.384945
delta1.0,18234,0.069767,0.97563,1.400221
delta1.0,18235,0.142857,0.449908,1.51626
delta1.0,18236,0.936877,-3.117973,1.249359
delta1.0,18237,0.003322,9.930018,1.891274
delta1.0,18238,0.003322,8.080145,1.609083
delta1.0,18239,0.634551,-1.751186,1.4405
delta1.0,18240,0.013289,3.47099,1.307515
delta1.0,18241,0.524917,-1.418494,1.43559
delta1.0,18242,0.614618,-1.652892,1.342841
delta1.0,18243,0.079734,0.894064,1.381973
delta1.0,18244,0.003322,14.278146,1.789371
delta1.0,18245,0.046512,1.162236,1.261138
delta1.0,18246,0.043189,1.290159,1.216372
delta1.0,18247,0.272425,-0.372726,1.293363
delta1.0,18248,0.916944,-2.979513,1.421279
delta1.0,18249,0.036545,1.489436,1.392359
delta1.0,18250,0.033223,2.244125,1.597403
delta1.0,18251,0.003322,6.991059,1.499283
delta1.0,18252,0.003322,11.198445,1.690034
delta1.0,18253,0.003322,10.272399,1.926092
delta1.0,18254,0.013289,3.399936,1.310075
delta1.0,18255,0.61794,-1.666458,1.358699
delta1.0,18256,0.541528,-1.46462,1.266436
delta1.0,18257,0.215947,-0.134075,1.446372
delta1.0,18258,0.219269,-0.156445,1.322296
delta1.0,18259,0.019934,2.605112,1.543013
delta1.0,18260,0.750831,-2.159747,1.423419
delta1.0,18261,0.740864,-2.118562,1.15391
delta1.0,18262,0.232558,-0.217543,1.385781
delta1.0,18263,0.003322,4.906596,1.866442
delta1.0,18264,0.524917,-1.417216,1.48391
delta1.0,18265,0.54485,-1.491424,1.433942
delta1.0,18266,0.003322,4.313891,1.412717
delta1.0,18267,0.003322,18.608486,1.710335
delta1.0,18268,0.033223,1.720975,1.399883
delta1.0,18269,0.30897,-0.541521,1.464929
delta1.0,18270,0.375415,-0.791671,1.277028
delta1.0,18271,0.162791,0.342775,1.415403
delta1.0,18272,0.033223,1.772172,1.507687
delta1.0,18273,0.003322,11.452946,1.846509
delta1.0,18274,0.036545,1.495811,1.356197
delta1.0,18275,0.740864,-2.095202,1.233114
delta1.0,18276,0.003322,12.679435,1.75102
delta1.0,18277,0.003322,5.195701,1.421835
delta1.0,18278,0.033223,1.847809,1.492765
delta1.0,18279,0.318937,-0.583951,1.095739
delta1.0,18280,0.003322,6.879719,1.74836
delta1.0,18281,0.880399,-2.683672,1.526416
delta1.0,18282,0.033223,1.939157,1.155232
delta1.0,18283,0.076412,0.920389,1.439935
delta1.0,18284,0.003322,22.527854,1.803516
delta1.0,18285,0.245847,-0.264605,1.524359
delta1.0,18286,0.003322,6.825486,1.672893
delta1.0,18287,0.003322,4.806766,1.574497
delta1.0,18288,0.013289,2.955711,1.710074
delta1.0,18289,0.019934,2.490912,1.787908
delta1.0,18290,0.033223,1.983537,1.659569
delta1.0,18291,0.043189,1.33105,1.397578
delta1.0,18292,0.093023,0.744633,1.279679
delta1.0,18293,0.019934,2.509474,1.268173
delta1.0,18294,0.202658,0.094845,1.664584
delta1.0,18295,0.594684,-1.584111,1.397605
delta1.0,18296,0.229236,-0.207816,1.342283
delta1.0,18297,0.717608,-2.016809,1.282354
delta1.0,18298,0.624585,-1.705298,1.160952
delta1.0,18299,0.222591,-0.161022,1.406064
delta1.0,18300,0.401993,-0.9125,1.555445
delta1.0,18301,0.003322,4.84523,1.344325
delta1.0,18302,0.076412,0.946925,1.752828
delta1.0,18303,0.003322,4.332395,1.293422
delta1.0,18304,0.119601,0.621596,1.207904
delta1.0,18305,0.009967,3.878957,1.377643
delta1.0,18306,0.355482,-0.71464,1.452274
delta1.0,18307,0.003322,20.196402,2.186579
delta1.0,18308,0.322259,-0.590531,1.338911
delta1.0,18309,0.209302,-0.054472,1.483249
delta1.0,18310,0.013289,3.006024,1.774828
delta1.0,18311,0.003322,11.623045,1.689397
delta1.0,18312,0.368771,-0.760748,1.45869
delta1.0,18313,0.036545,1.537291,1.26628
delta1.0,18314,0.730897,-2.065754,1.374367
delta1.0,18315,0.594684,-1.590791,1.62469
delta1.0,18316,0.003322,15.359504,1.96424
delta1.0,18317,0.036545,1.548416,1.515823
delta1.0,18318,0.003322,7.133198,1.799513
delta1.0,18319,0.003322,7.248089,1.50086
delta1.0,18320,0.003322,15.688994,1.660398
delta1.0,18321,0.033223,2.176579,1.5554
delta1.0,18322,0.019934,2.576904,1.417248
delta1.0,18323,0.674419,-1.870547,1.566537
delta1.0,18324,0.046512,1.241916,1.547595
delta1.0,18325,0.461794,-1.139099,1.224089
delta1.0,18326,0.451827,-1.089362,1.358061
delta1.0,18327,0.275748,-0.41314,1.375512
delta1.0,18328,0.046512,1.274089,1.178877
delta1.0,18329,0.003322,9.220689,1.881381
delta1.0,18330,0.202658,0.108277,1.600261
delta1.0,18331,0.009967,3.85752,1.441576
delta1.0,18332,0.518272,-1.366955,1.406304
delta1.0,18333,0.006645,4.140656,1.555921
delta1.0,18334,0.003322,7.977363,1.737983
delta1.0,18335,0.009967,3.583342,1.443561
delta1.0,18336,0.003322,8.611159,1.663816
delta1.0,18337,0.229236,-0.193119,1.331083
delta1.0,18338,0.033223,2.067468,1.190557
delta1.0,18339,0.033223,2.182797,1.429443
delta1.0,18340,0.727575,-2.048384,1.222684
delta1.0,18341,0.202658,0.099903,1.543134
delta1.0,18342,0.401993,-0.909502,1.365387
delta1.0,18343,0.003322,5.568938,1.424372
delta1.0,18344,0.033223,2.270406,1.473337
delta1.0,18345,0.013289,3.25729,1.470723
delta1.0,18346,0.033223,1.860549,1.617174
delta1.0,18347,0.003322,4.827271,1.610188
delta1.0,18348,0.003322,12.977188,1.500561
delta1.0,18349,0.009967,3.625563,1.525676
delta1.0,18350,0.624585,-1.723294,1.452561
delta1.0,18351,0.265781,-0.344365,1.471509
delta1.0,18352,0.495017,-1.244798,1.182106
delta1.0,18353,0.003322,14.020486,1.790662
delta1.0,18354,0.189369,0.138816,1.357987
delta1.0,18355,0.48505,-1.226162,1.477012
delta1.0,18356,0.003322,7.151121,1.636118
delta1.0,18357,0.049834,1.155362,1.172017
delta1.0,18358,0.033223,1.680185,1.424662
delta1.0,18359,0.003322,14.385194,1.974816
delta1.0,18360,0.033223,2.07083,1.225627
delta1.0,18361,0.003322,7.236281,1.432121
delta1.0,18362,0.594684,-1.582795,1.333349
delta1.0,18363,0.093023,0.802206,1.407788
delta1.0,18364,0.003322,6.558105,1.475144
delta1.0,18365,0.006645,4.168192,1.591764
delta1.0,18366,0.033223,1.915521,1.28735
delta1.0,18367,0.033223,1.918103,1.309815
delta1.0,18368,0.033223,1.76157,1.87662
delta1.0,18369,0.036545,1.56693,1.46926
delta1.0,18370,0.003322,14.515368,2.121546
delta1.0,18371,0.139535,0.52825,1.304697
delta1.0,18372,0.368771,-0.763951,1.120097
delta1.0,18373,0.299003,-0.519647,1.65711
delta1.0,18374,0.013289,3.48911,1.319004
delta1.0,18375,0.053156,1.093079,1.313306
delta1.0,18376,0.003322,8.905217,1.621323
delta1.0,18377,0.013289,3.437211,1.385024
delta1.0,18378,0.880399,-2.685104,1.311946
delta1.0,18379,0.009967,4.121803,1.709964
delta1.0,18380,0.083056,0.888908,1.641687
delta1.0,18381,0.033223,2.103059,1.574295
delta1.0,18382,0.136213,0.554068,1.50911
delta1.0,18383,0.275748,-0.401234,1.145462
delta1.0,18384,0.023256,2.415924,1.414406
delta1.0,18385,0.760797,-2.228291,1.157109
delta1.0,18386,0.033223,2.125406,1.251274
delta1.0,18387,0.036545,1.530109,1.274424
delta1.0,18388,0.033223,1.953304,1.464094
delta1.0,18389,0.667774,-1.848817,1.261876
delta1.0,18390,0.003322,4.887446,1.786352
delta1.0,18391,0.538206,-1.460885,1.285373
delta1.0,18392,0.066445,1.010159,1.51952
delta1.0,18393,0.674419,-1.870824,1.282147
delta1.0,18394,0.418605,-0.964526,1.309128
delta1.0,18395,0.003322,5.253807,1.576399
delta1.0,18396,0.571429,-1.532551,1.640252
delta1.0,18397,0.013289,3.312905,1.438698
delta1.0,18398,0.046512,1.188115,1.418539
delta1.0,18399,0.003322,9.2399,1.433087
delta2.0,18000,0.003322,27.47876,2.477609
delta2.0,18001,0.003322,59.687534,2.361801
delta2.0,18002,0.003322,24.395245,1.964713
delta2.0,18003,0.003322,4.302889,1.979533
delta2.0,18004,0.003322,7.854969,1.573458
delta2.0,18005,0.003322,44.307529,2.661006
delta2.0,18006,0.003322,19.734824,1.838425
delta2.0,18007,0.003322,11.779781,1.980798
delta2.0,18008,0.003322,28.970153,2.092689
delta2.0,18009,0.003322,40.457283,2.432438
delta2.0,18010,0.003322,11.395579,1.788649
delta2.0,18011,0.003322,13.403801,1.831535
delta2.0,18012,0.003322,8.002271,1.784401
delta2.0,18013,0.003322,24.370601,2.031567
delta2.0,18014,0.003322,12.535461,1.663662
delta2.0,18015,0.003322,16.253293,1.756378
delta2.0,18016,0.003322,18.516479,2.030177
delta2.0,18017,0.003322,11.860964,1.682507
delta2.0,18018,0.003322,14.755919,2.097456
delta2.0,18019,0.003322,22.081616,1.936787
delta2.0,18020,0.003322,8.418594,1.800208
delta2.0,18021,0.003322,8.907996,1.695829
delta2.0,18022,0.003322,20.930042,1.813349
delta2.0,18023,0.003322,15.287497,1.879077
delta2.0,18024,0.003322,14.662751,1.966259
delta2.0,18025,0.003322,29.057423,2.034001
delta2.0,18026,0.003322,13.642061,1.567385
delta2.0,18027,0.003322,16.448801,1.757216
delta2.0,18028,0.003322,8.653281,1.751938
delta2.0,18029,0.003322,10.373472,1.703669
delta2.0,18030,0.003322,20.446907,1.846117
delta2.0,18031,0.003322,13.228419,1.854103
delta2.0,18032,0.003322,15.603099,1.878464
delta2.0,18033,0.003322,21.612706,1.976016
delta2.0,18034,0.003322,17.897974,1.759766
delta2.0,18035,0.003322,14.19631,1.87469
delta2.0,18036,0.003322,13.418409,1.40661
delta2.0,18037,0.003322,16.426847,1.991492
delta2.0,18038,0.003322,32.288084,1.827202
delta2.0,18039,0.003322,13.276626,1.828773
delta2.0,18040,0.003322,22.429339,1.677348
delta2.0,18041,0.003322,10.333273,1.556857
delta2.0,18042,0.003322,15.698549,1.929813
delta2.0,18043,0.003322,14.256185,1.808372
delta2.0,18044,0.003322,13.746496,2.03132
delta2.0,18045,0.003322,43.094505,2.594365
delta2.0,18046,0.003322,16.69199,1.881999
delta2.0,18047,0.003322,10.46945,1.803918
delta2.0,18048,0.003322,15.588062,1.551802
delta2.0,18049,0.003322,18.647491,1.598818
delta2.0,18050,0.003322,36.815812,2.190103
delta2.0,18051,0.003322,13.67826,1.540165
delta2.0,18052,0.003322,56.186924,2.391007
delta2.0,18053,0.003322,17.814028,1.666735
delta2.0,18054,0.003322,59.667511,2.76345
delta2.0,18055,0.003322,17.178633,1.752757
delta2.0,18056,0.003322,21.155665,1.713006
delta2.0,18057,0.003322,13.697541,1.822481
delta2.0,18058,0.003322,29.39731,2.331971
delta2.0,18059,0.003322,37.37347,2.211086
delta2.0,18060,0.003322,4.783433,1.695619
delta2.0,18061,0.003322,16.474956,1.996482
delta2.0,18062,0.003322,15.10278,1.79889
delta2.0,18063,0.003322,5.517767,1.824362
delta2.0,18064,0.003322,60.432032,2.487222
delta2.0,18065,0.003322,15.829675,1.647359
delta2.0,18066,0.009967,3.860235,1.667988
delta2.0,18067,0.003322,56.651723,2.435784
delta2.0,18068,0.003322,17.612954,1.993877
delta2.0,18069,0.003322,7.923954,1.596934
delta2.0,18070,0.003322,52.518006,2.356499
delta2.0,18071,0.003322,21.310938,1.704399
delta2.0,18072,0.003322,20.150792,1.922541
delta2.0,18073,0.003322,16.379756,1.815804
delta2.0,18074,0.003322,39.538272,2.329737
delta2.0,18075,0.003322,20.057542,2.014807
delta2.0,18076,0.003322,22.592159,1.699138
delta2.0,18077,0.003322,32.799167,2.551069
delta2.0,18078,0.003322,14.646069,1.99846
delta2.0,18079,0.003322,33.561476,2.274139
delta2.0,18080,0.003322,16.401824,1.895319
delta2.0,18081,0.003322,12.555018,1.546617
delta2.0,18082,0.003322,37.748439,2.170382
delta2.0,18083,0.003322,16.462419,1.557813
delta2.0,18084,0.003322,7.702558,1.486998
delta2.0,18085,0.003322,9.019559,1.86824
delta2.0,18086,0.003322,6.270116,1.761726
delta2.0,18087,0.003322,21.155675,1.771843
delta2.0,18088,0.003322,25.955809,1.652163
delta2.0,18089,0.003322,14.878584,1.763746
delta2.0,18090,0.003322,8.873761,1.735843
delta2.0,18091,0.003322,6.075666,1.691875
delta2.0,18092,0.003322,16.815089,1.921515
delta2.0,18093,0.003322,52.391614,2.593595
delta2.0,18094,0.003322,18.374194,1.770324
delta2.0,18095,0.003322,20.200153,1.906361
delta2.0,18096,0.003322,18.149376,2.033916
delta2.0,18097,0.003322,6.118588,1.707857
delta2.0,18098,0.003322,20.040969,2.03269
delta2.0,18099,0.003322,27.73285,2.047108
delta2.0,18100,0.003322,15.702656,1.756691
delta2.0,18101,0.003322,12.872021,1.63557
delta2.0,18102,0.003322,11.853723,1.702678
delta2.0,18103,0.003322,9.518403,1.824973
delta2.0,18104,0.003322,9.639877,1.809579
delta2.0,18105,0.003322,9.625444,1.857046
delta2.0,18106,0.003322,11.594022,1.55135
delta2.0,18107,0.003322,7.43936,1.98699
delta2.0,18108,0.003322,49.4314,2.343499
delta2.0,18109,0.003322,55.061369,2.627738
delta2.0,18110,0.003322,7.254765,1.668243
delta2.0,18111,0.003322,6.830501,1.603685
delta2.0,18112,0.003322,60.415557,2.370788
delta2.0,18113,0.003322,8.209398,1.646219
delta2.0,18114,0.003322,18.925614,1.701005
delta2.0,18115,0.003322,20.201038,1.841918
delta2.0,18116,0.003322,6.856613,1.443483
delta2.0,18117,0.003322,41.423691,2.581572
delta2.0,18118,0.003322,9.742691,1.353018
delta2.0,18119,0.003322,10.918503,1.88597
delta2.0,18120,0.003322,18.25066,1.753861
delta2.0,18121,0.003322,13.627182,1.951333
delta2.0,18122,0.003322,44.578924,2.494954
delta2.0,18123,0.003322,19.788235,1.609753
delta2.0,18124,0.003322,31.053699,2.381986
delta2.0,18125,0.003322,8.936602,1.737054
delta2.0,18126,0.003322,14.721837,1.794358
delta2.0,18127,0.003322,11.738006,1.754465
delta2.0,18128,0.003322,11.027407,1.554211
delta2.0,18129,0.003322,26.830959,1.877176
delta2.0,18130,0.003322,20.353508,2.07148
delta2.0,18131,0.003322,11.255491,1.862126
delta2.0,18132,0.003322,11.996538,1.64509
delta2.0,18133,0.003322,22.621691,1.916657
delta2.0,18134,0.003322,10.841038,1.849716
delta2.0,18135,0.003322,46.029853,2.47424
delta2.0,18136,0.003322,36.009937,2.347273
delta2.0,18137,0.003322,12.977865,2.351994
delta2.0,18138,0.003322,18.33751,1.800944
delta2.0,18139,0.003322,17.282055,1.937379
delta2.0,18140,0.003322,17.959899,1.705995
delta2.0,18141,0.003322,18.539436,1.831469
delta2.0,18142,0.003322,36.297554,2.356082
delta2.0,18143,0.003322,10.871936,1.799038
delta2.0,18144,0.003322,12.724966,1.68074
delta2.0,18145,0.003322,13.944646,1.61913
delta2.0,18146,0.003322,21.016047,1.571344
delta2.0,18147,0.003322,18.285806,1.743316
delta2.0,18148,0.009967,4.117243,1.6866
delta2.0,18149,0.003322,12.125025,1.802986
delta2.0,18150,0.003322,9.544547,1.962424
delta2.0,18151,0.003322,17.842466,1.72678
delta2.0,18152,0.003322,32.381841,1.946586
delta2.0,18153,0.003322,25.437056,2.80669
delta2.0,18154,0.019934,2.603302,1.690348
delta2.0,18155,0.003322,18.670989,1.83028
delta2.0,18156,0.003322,16.659607,1.668261
delta2.0,18157,0.003322,12.516758,1.854663
delta2.0,18158,0.003322,19.576782,1.913759
delta2.0,18159,0.003322,49.043828,2.441455
delta2.0,18160,0.003322,32.807759,2.429611
delta2.0,18161,0.003322,10.707532,1.603698
delta2.0,18162,0.003322,16.788087,1.768419
delta2.0,18163,0.003322,19.793089,1.766413
delta2.0,18164,0.003322,16.983504,1.897336
delta2.0,18165,0.019934,2.785293,1.637409
delta2.0,18166,0.003322,20.50418,2.043634
delta2.0,18167,0.003322,15.515461,1.504778
delta2.0,18168,0.003322,10.493035,1.811252
delta2.0,18169,0.003322,16.232044,1.340386
delta2.0,18170,0.003322,6.736248,1.60552
delta2.0,18171,0.003322,14.929254,1.972536
delta2.0,18172,0.003322,4.667154,1.934582
delta2.0,18173,0.003322,5.83686,1.905205
delta2.0,18174,0.003322,9.188196,1.863385
delta2.0,18175,0.003322,34.657235,2.25596
delta2.0,18176,0.003322,24.025564,1.977374
delta2.0,18177,0.003322,10.000145,1.6719
delta2.0,18178,0.003322,27.76227,1.859756
delta2.0,18179,0.003322,47.486122,2.204417
delta2.0,18180,0.003322,23.169061,2.124484
delta2.0,18181,0.003322,11.167127,1.886668
delta2.0,18182,0.003322,18.742648,1.695652
delta2.0,18183,0.003322,35.611572,2.859447
delta2.0,18184,0.003322,18.64565,1.831026
delta2.0,18185,0.003322,47.851766,2.406584
delta2.0,18186,0.003322,22.022225,1.979095
delta2.0,18187,0.003322,42.252123,2.304148
delta2.0,18188,0.003322,11.657874,1.768201
delta2.0,18189,0.003322,4.357429,1.605067
delta2.0,18190,0.003322,39.593558,2.403273
delta2.0,18191,0.003322,20.034862,1.950936
delta2.0,18192,0.003322,5.590093,1.562115
delta2.0,18193,0.003322,17.034567,1.945918
delta2.0,18194,0.003322,11.920369,1.695441
delta2.0,18195,0.003322,18.287864,1.940136
delta2.0,18196,0.003322,11.649862,1.613329
delta2.0,18197,0.003322,9.173584,1.711815
delta2.0,18198,0.003322,10.07487,1.82029
delta2.0,18199,0.003322,21.671034,2.114481
delta2.0,18200,0.003322,7.867444,1.594578
delta2.0,18201,0.003322,13.575087,1.669805
delta2.0,18202,0.003322,18.610987,1.758325
delta2.0,18203,0.003322,9.931095,2.06506
delta2.0,18204,0.003322,36.994122,2.047634
delta2.0,18205,0.003322,17.505569,1.682329
delta2.0,18206,0.003322,24.192512,2.025575
delta2.0,18207,0.003322,13.878858,1.831443
delta2.0,18208,0.003322,14.723731,1.997338
delta2.0,18209,0.003322,21.90655,1.7822
delta2.0,18210,0.003322,16.583771,1.82592
delta2.0,18211,0.003322,37.986153,2.145192
delta2.0,18212,0.003322,22.422133,2.237591
delta2.0,18213,0.003322,12.444451,1.913084
delta2.0,18214,0.003322,6.902635,1.671733
delta2.0,18215,0.003322,11.121372,1.657847
delta2.0,18216,0.003322,20.752379,1.846671
delta2.0,18217,0.056478,1.063167,1.526591
delta2.0,18218,0.003322,14.905444,1.984592
delta2.0,18219,0.003322,31.854571,1.942713
delta2.0,18220,0.003322,8.355265,1.849064
delta2.0,18221,0.009967,3.853556,1.582838
delta2.0,18222,0.003322,19.846036,2.052632
delta2.0,18223,0.003322,9.825427,1.80939
delta2.0,18224,0.003322,8.282846,1.610113
delta2.0,18225,0.003322,46.650527,2.664506
delta2.0,18226,0.003322,25.645866,1.881258
delta2.0,18227,0.003322,14.354965,2.044163
delta2.0,18228,0.003322,33.216419,2.559507
delta2.0,18229,0.003322,29.114681,2.494002
delta2.0,18230,0.003322,44.208879,2.436267
delta2.0,18231,0.003322,14.67621,1.529463
delta2.0,18232,0.003322,13.450149,1.435075
delta2.0,18233,0.003322,12.782134,1.732015
delta2.0,18234,0.003322,23.620316,1.77209
delta2.0,18235,0.003322,13.251448,1.882503
delta2.0,18236,0.003322,8.804422,1.589075
delta2.0,18237,0.003322,46.880193,2.666454
delta2.0,18238,0.003322,43.264406,2.377394
delta2.0,18239,0.003322,10.393882,1.766306
delta2.0,18240,0.003322,16.488345,1.77971
delta2.0,18241,0.003322,10.317857,1.867286
delta2.0,18242,0.003322,5.602737,1.71624
delta2.0,18243,0.003322,14.322368,1.749707
delta2.0,18244,0.003322,57.550282,2.572561
delta2.0,18245,0.003322,16.02343,1.569112
delta2.0,18246,0.003322,21.923038,1.775207
delta2.0,18247,0.003322,11.191089,1.743047
delta2.0,18248,0.003322,17.112176,1.873364
delta2.0,18249,0.003322,18.703023,1.76482
delta2.0,18250,0.003322,19.649592,2.06264
delta2.0,18251,0.003322,28.139062,1.980799
delta2.0,18252,0.003322,44.828989,2.344975
delta2.0,18253,0.003322,49.511701,2.638623
delta2.0,18254,0.003322,18.702715,1.729146
delta2.0,18255,0.003322,9.64982,1.745833
delta2.0,18256,0.003322,9.018239,1.674718
delta2.0,18257,0.033223,1.721639,1.823444
delta2.0,18258,0.003322,14.095636,1.720863
delta2.0,18259,0.003322,22.74138,2.005905
delta2.0,18260,0.109635,0.643865,1.701404
delta2.0,18261,0.003322,4.44253,1.457996
delta2.0,18262,0.003322,12.288741,1.783461
delta2.0,18263,0.003322,40.409766,2.658601
delta2.0,18264,0.003322,12.574108,1.794228
delta2.0,18265,0.009967,3.659281,1.932568
delta2.0,18266,0.003322,27.920657,1.770563
delta2.0,18267,0.003322,60.420951,2.469146
delta2.0,18268,0.003322,13.452072,1.81049
delta2.0,18269,0.003322,14.5397,1.952783
delta2.0,18270,0.003322,7.195269,1.539323
delta2.0,18271,0.003322,13.847633,1.823845
delta2.0,18272,0.003322,14.147339,1.767697
delta2.0,18273,0.003322,54.430777,2.519689
delta2.0,18274,0.003322,18.85938,1.69597
delta2.0,18275,0.003322,5.560809,1.443132
delta2.0,18276,0.003322,55.035144,2.411363
delta2.0,18277,0.003322,23.949688,1.843044
delta2.0,18278,0.003322,17.198499,1.99512
delta2.0,18279,0.003322,11.770999,1.417629
delta2.0,18280,0.003322,42.102692,2.507008
delta2.0,18281,0.003322,8.87596,1.995776
delta2.0,18282,0.003322,17.786366,1.585022
delta2.0,18283,0.003322,11.894123,1.815713
delta2.0,18284,0.003322,71.433378,2.573444
delta2.0,18285,0.003322,13.353065,1.99663
delta2.0,18286,0.003322,36.983673,2.375466
delta2.0,18287,0.003322,26.245045,2.120025
delta2.0,18288,0.003322,26.3883,2.408615
delta2.0,18289,0.003322,16.043186,2.433545
delta2.0,18290,0.003322,20.749015,2.176221
delta2.0,18291,0.003322,20.635993,1.835068
delta2.0,18292,0.003322,13.028937,1.6953
delta2.0,18293,0.003322,13.66896,1.547645
delta2.0,18294,0.003322,18.148878,2.028827
delta2.0,18295,0.003322,6.244721,1.76596
delta2.0,18296,0.003322,5.645662,1.670458
delta2.0,18297,0.003322,14.348337,1.673995
delta2.0,18298,0.003322,4.616933,1.294062
delta2.0,18299,0.003322,17.471288,1.852052
delta2.0,18300,0.003322,11.637172,1.890124
delta2.0,18301,0.003322,23.806225,1.742604
delta2.0,18302,0.003322,19.751808,2.219599
delta2.0,18303,0.003322,20.094667,1.680373
delta2.0,18304,0.003322,16.016346,1.51638
delta2.0,18305,0.003322,22.399657,1.774818
delta2.0,18306,0.003322,11.557254,1.914281
delta2.0,18307,0.003322,65.11412,2.925064
delta2.0,18308,0.003322,11.935751,1.874095
delta2.0,18309,0.003322,6.696567,1.976943
delta2.0,18310,0.003322,29.431524,2.559953
delta2.0,18311,0.003322,47.221824,2.405328
delta2.0,18312,0.003322,8.543813,1.88333
delta2.0,18313,0.003322,15.066113,1.636266
delta2.0,18314,0.003322,10.719656,1.748848
delta2.0,18315,0.003322,11.049705,2.160922
delta2.0,18316,0.003322,60.941358,2.749483
delta2.0,18317,0.003322,15.815825,1.935582
delta2.0,18318,0.003322,32.632586,2.538274
delta2.0,18319,0.003322,38.54071,2.223124
delta2.0,18320,0.003322,55.080399,2.424361
delta2.0,18321,0.003322,22.493095,1.934124
delta2.0,18322,0.003322,22.570138,1.834067
delta2.0,18323,0.003322,23.568328,2.079176
delta2.0,18324,0.003322,19.732705,2.058091
delta2.0,18325,0.003322,8.23079,1.5419
delta2.0,18326,0.003322,11.074021,1.717374
delta2.0,18327,0.003322,13.636032,1.786315
delta2.0,18328,0.003322,16.179999,1.60414
delta2.0,18329,0.003322,42.005708,2.630634
delta2.0,18330,0.003322,21.852662,2.126013
delta2.0,18331,0.003322,23.670601,1.906883
delta2.0,18332,0.003322,8.997221,1.72797
delta2.0,18333,0.003322,23.627182,1.986756
delta2.0,18334,0.003322,48.263374,2.458174
delta2.0,18335,0.003322,20.751581,2.028365
delta2.0,18336,0.003322,36.037719,2.267588
delta2.0,18337,0.003322,10.640057,1.678492
delta2.0,18338,0.003322,19.642314,1.619887
delta2.0,18339,0.003322,18.358632,1.741759
delta2.0,18340,0.033223,1.668971,1.509522
delta2.0,18341,0.003322,12.509314,1.883863
delta2.0,18342,0.003322,8.535637,1.848525
delta2.0,18343,0.003322,21.154703,1.75612
delta2.0,18344,0.003322,22.245017,1.905024
delta2.0,18345,0.003322,20.419957,1.753643
delta2.0,18346,0.003322,22.034445,2.132149
delta2.0,18347,0.003322,22.804255,1.999573
delta2.0,18348,0.003322,55.880196,2.155357
delta2.0,18349,0.003322,26.186689,1.981424
delta2.0,18350,0.003322,10.885948,1.88124
delta2.0,18351,0.003322,12.360567,1.921855
delta2.0,18352,0.003322,9.964222,1.590657
delta2.0,18353,0.003322,51.532545,2.568264
delta2.0,18354,0.003322,12.518094,1.752436
delta2.0,18355,0.003322,14.364767,1.818568
delta2.0,18356,0.003322,40.262464,2.447895
delta2.0,18357,0.003322,12.385973,1.576066
delta2.0,18358,0.003322,17.681205,1.86332
delta2.0,18359,0.003322,47.872645,2.782533
delta2.0,18360,0.003322,18.346681,1.56704
delta2.0,18361,0.003322,32.585226,1.897489
delta2.0,18362,0.003322,9.408215,1.697078
delta2.0,18363,0.003322,16.066993,1.888156
delta2.0,18364,0.003322,25.678826,2.045565
delta2.0,18365,0.003322,19.499674,2.007854
delta2.0,18366,0.003322,17.311583,1.572111
delta2.0,18367,0.003322,12.602711,1.622225
delta2.0,18368,0.003322,26.935662,2.583301
delta2.0,18369,0.003322,8.353428,1.951002
delta2.0,18370,0.003322,55.343952,2.924753
delta2.0,18371,0.003322,17.875263,1.704254
delta2.0,18372,0.009967,3.596694,1.309229
delta2.0,18373,0.003322,11.738878,2.126044
delta2.0,18374,0.003322,20.67765,1.744013
delta2.0,18375,0.003322,7.027256,1.587265
delta2.0,18376,0.003322,43.042868,2.356535
delta2.0,18377,0.003322,22.413326,1.750343
delta2.0,18378,0.003322,6.99884,1.620849
delta2.0,18379,0.003322,33.16954,2.417496
delta2.0,18380,0.003322,18.408732,2.103272
delta2.0,18381,0.003322,20.988524,2.051782
delta2.0,18382,0.003322,11.112396,1.753716
delta2.0,18383,0.003322,13.981111,1.490312
delta2.0,18384,0.003322,21.157763,1.91479
delta2.0,18385,0.003322,9.404982,1.502777
delta2.0,18386,0.003322,11.122833,1.510243
delta2.0,18387,0.003322,14.994484,1.583091
delta2.0,18388,0.003322,20.303651,1.904916
delta2.0,18389,0.003322,9.87661,1.632527
delta2.0,18390,0.003322,38.32859,2.521847
delta2.0,18391,0.003322,8.589077,1.700533
delta2.0,18392,0.003322,15.845432,1.943269
delta2.0,18393,0.003322,12.114374,1.630608
delta2.0,18394,0.003322,6.042983,1.700502
delta2.0,18395,0.003322,27.37953,2.08109
delta2.0,18396,0.003322,5.697123,2.328182
delta2.0,18397,0.003322,19.295372,1.982156
delta2.0,18398,0.003322,14.735815,1.869825
delta2.0,18399,0.003322,43.455908,2.17478
delta2_orthogonal,18000,0.003322,27.47876,1.071508
delta2_orthogonal,18001,0.003322,59.687534,1.130764
delta2_orthogonal,18002,0.003322,24.395245,0.869158
delta2_orthogonal,18003,0.003322,4.302889,0.984148
delta2_orthogonal,18004,0.003322,7.854969,1.029575
delta2_orthogonal,18005,0.003322,44.307529,0.999558
delta2_orthogonal,18006,0.003322,19.734824,0.972606
delta2_orthogonal,18007,0.003322,11.779781,1.049882
delta2_orthogonal,18008,0.003322,28.970153,0.958412
delta2_orthogonal,18009,0.003322,40.457283,0.928629
delta2_orthogonal,18010,0.003322,11.395579,0.953997
delta2_orthogonal,18011,0.003322,13.403801,0.83933
delta2_orthogonal,18012,0.003322,8.002271,1.06016
delta2_orthogonal,18013,0.003322,24.370601,1.057
delta2_orthogonal,18014,0.003322,12.535461,0.921157
delta2_orthogonal,18015,0.003322,16.253293,0.957198
delta2_orthogonal,18016,0.003322,18.516479,0.934301
delta2_orthogonal,18017,0.003322,11.860964,0.953021
delta2_orthogonal,18018,0.003322,14.755919,1.193519
delta2_orthogonal,18019,0.003322,22.081616,1.072024
delta2_orthogonal,18020,0.003322,8.418594,1.118028
delta2_orthogonal,18021,0.003322,8.907996,1.021239
delta2_orthogonal,18022,0.003322,20.930042,1.056448
delta2_orthogonal,18023,0.003322,15.287497,1.123485
delta2_orthogonal,18024,0.003322,14.662751,0.955213
delta2_orthogonal,18025,0.003322,29.057423,1.067303
delta2_orthogonal,18026,0.003322,13.642061,0.857592
delta2_orthogonal,18027,0.003322,16.448801,0.915433
delta2_orthogonal,18028,0.003322,8.653281,1.108096
delta2_orthogonal,18029,0.003322,10.373472,1.026473
delta2_orthogonal,18030,0.003322,20.446907,0.954834
delta2_orthogonal,18031,0.003322,13.228419,1.063438
delta2_orthogonal,18032,0.003322,15.603099,0.955064
delta2_orthogonal,18033,0.003322,21.612706,1.086675
delta2_orthogonal,18034,0.003322,17.897974,1.012397
delta2_orthogonal,18035,0.003322,14.19631,1.045344
delta2_orthogonal,18036,0.003322,13.418409,0.891101
delta2_orthogonal,18037,0.003322,16.426847,1.048463
delta2_orthogonal,18038,0.003322,32.288084,0.932793
delta2_orthogonal,18039,0.003322,13.276626,0.941859
delta2_orthogonal,18040,0.003322,22.429339,0.944844
delta2_orthogonal,18041,0.003322,10.333273,1.016358
delta2_orthogonal,18042,0.003322,15.698549,1.131978
delta2_orthogonal,18043,0.003322,14.256185,1.043384
delta2_orthogonal,18044,0.003322,13.746496,0.994654
delta2_orthogonal,18045,0.003322,43.094505,1.01215
delta2_orthogonal,18046,0.003322,16.69199,0.921228
delta2_orthogonal,18047,0.003322,10.46945,1.031087
delta2_orthogonal,18048,0.003322,15.588062,0.914003
delta2_orthogonal,18049,0.003322,18.647491,0.896268
delta2_orthogonal,18050,0.003322,36.815812,1.066596
delta2_orthogonal,18051,0.003322,13.67826,1.008283
delta2_orthogonal,18052,0.003322,56.186924,1.041724
delta2_orthogonal,18053,0.003322,17.814028,1.004941
delta2_orthogonal,18054,0.003322,59.667511,1.09761
delta2_orthogonal,18055,0.003322,17.178633,1.067196
delta2_orthogonal,18056,0.003322,21.155665,1.073087
delta2_orthogonal,18057,0.003322,13.697541,0.885053
delta2_orthogonal,18058,0.003322,29.39731,0.92918
delta2_orthogonal,18059,0.003322,37.37347,0.939884
delta2_orthogonal,18060,0.003322,4.783433,1.064001
delta2_orthogonal,18061,0.003322,16.474956,1.008235
delta2_orthogonal,18062,0.003322,15.10278,1.093618
delta2_orthogonal,18063,0.003322,5.517767,0.977332
delta2_orthogonal,18064,0.003322,60.432032,1.102387
delta2_orthogonal,18065,0.003322,15.829675,0.98525
delta2_orthogonal,18066,0.009967,3.860235,1.128065
delta2_orthogonal,18067,0.003322,56.651723,0.912772
delta2_orthogonal,18068,0.003322,17.612954,1.009353
delta2_orthogonal,18069,0.003322,7.923954,1.046553
delta2_orthogonal,18070,0.003322,52.518006,0.94506
delta2_orthogonal,18071,0.003322,21.310938,0.962808
delta2_orthogonal,18072,0.003322,20.150792,0.98013
delta2_orthogonal,18073,0.003322,16.379756,0.969446
delta2_orthogonal,18074,0.003322,39.538272,0.963222
delta2_orthogonal,18075,0.003322,20.057542,1.075861
delta2_orthogonal,18076,0.003322,22.592159,0.966381
delta2_orthogonal,18077,0.003322,32.799167,1.020755
delta2_orthogonal,18078,0.003322,14.646069,1.106287
delta2_orthogonal,18079,0.003322,33.561476,0.798019
delta2_orthogonal,18080,0.003322,16.401824,1.120331
delta2_orthogonal,18081,0.003322,12.555018,0.942816
delta2_orthogonal,18082,0.003322,37.748439,0.882662
delta2_orthogonal,18083,0.003322,16.462419,1.069238
delta2_orthogonal,18084,0.003322,7.702558,0.87177
delta2_orthogonal,18085,0.003322,9.019559,1.069216
delta2_orthogonal,18086,0.003322,6.270116,1.048592
delta2_orthogonal,18087,0.003322,21.155675,1.013006
delta2_orthogonal,18088,0.003322,25.955809,0.901426
delta2_orthogonal,18089,0.003322,14.878584,1.176808
delta2_orthogonal,18090,0.003322,8.873761,1.009755
delta2_orthogonal,18091,0.003322,6.075666,0.925263
delta2_orthogonal,18092,0.003322,16.815089,1.031614
delta2_orthogonal,18093,0.003322,52.391614,0.974199
delta2_orthogonal,18094,0.003322,18.374194,1.184095
delta2_orthogonal,18095,0.003322,20.200153,1.05317
delta2_orthogonal,18096,0.003322,18.149376,1.185649
delta2_orthogonal,18097,0.003322,6.118588,0.96675
delta2_orthogonal,18098,0.003322,20.040969,0.942483
delta2_orthogonal,18099,0.003322,27.73285,1.099086
delta2_orthogonal,18100,0.003322,15.702656,1.177956
delta2_orthogonal,18101,0.003322,12.872021,0.976775
delta2_orthogonal,18102,0.003322,11.853723,0.922386
delta2_orthogonal,18103,0.003322,9.518403,0.858049
delta2_orthogonal,18104,0.003322,9.639877,1.027912
delta2_orthogonal,18105,0.003322,9.625444,1.022901
delta2_orthogonal,18106,0.003322,11.594022,0.872003
delta2_orthogonal,18107,0.003322,7.43936,1.154204
delta2_orthogonal,18108,0.003322,49.4314,0.788062
delta2_orthogonal,18109,0.003322,55.061369,1.005424
delta2_orthogonal,18110,0.003322,7.254765,0.894764
delta2_orthogonal,18111,0.003322,6.830501,0.984386
delta2_orthogonal,18112,0.003322,60.415557,1.019052
delta2_orthogonal,18113,0.003322,8.209398,0.832442
delta2_orthogonal,18114,0.003322,18.925614,0.980669
delta2_orthogonal,18115,0.003322,20.201038,0.943066
delta2_orthogonal,18116,0.003322,6.856613,0.941585
delta2_orthogonal,18117,0.003322,41.423691,1.000522
delta2_orthogonal,18118,0.003322,9.742691,1.067815
delta2_orthogonal,18119,0.003322,10.918503,1.139419
delta2_orthogonal,18120,0.003322,18.25066,0.999292
delta2_orthogonal,18121,0.003322,13.627182,1.049885
delta2_orthogonal,18122,0.003322,44.578924,1.088335
delta2_orthogonal,18123,0.003322,19.788235,1.074461
delta2_orthogonal,18124,0.003322,31.053699,0.949639
delta2_orthogonal,18125,0.003322,8.936602,0.885607
delta2_orthogonal,18126,0.003322,14.721837,0.984677
delta2_orthogonal,18127,0.003322,11.738006,0.982874
delta2_orthogonal,18128,0.003322,11.027407,1.038662
delta2_orthogonal,18129,0.003322,26.830959,0.9426
delta2_orthogonal,18130,0.003322,20.353508,0.951811
delta2_orthogonal,18131,0.003322,11.255491,0.988045
delta2_orthogonal,18132,0.003322,11.996538,0.926414
delta2_orthogonal,18133,0.003322,22.621691,1.069723
delta2_orthogonal,18134,0.003322,10.841038,0.971231
delta2_orthogonal,18135,0.003322,46.029853,0.932345
delta2_orthogonal,18136,0.003322,36.009937,1.156516
delta2_orthogonal,18137,0.003322,12.977865,0.941505
delta2_orthogonal,18138,0.003322,18.33751,0.972428
delta2_orthogonal,18139,0.003322,17.282055,1.018171
delta2_orthogonal,18140,0.003322,17.959899,0.889165
delta2_orthogonal,18141,0.003322,18.539436,1.13272
delta2_orthogonal,18142,0.003322,36.297554,0.814408
delta2_orthogonal,18143,0.003322,10.871936,1.013106
delta2_orthogonal,18144,0.003322,12.724966,0.997507
delta2_orthogonal,18145,0.003322,13.944646,0.958754
delta2_orthogonal,18146,0.003322,21.016047,0.784139
delta2_orthogonal,18147,0.003322,18.285806,1.004651
delta2_orthogonal,18148,0.009967,4.117243,1.000739
delta2_orthogonal,18149,0.003322,12.125025,1.046735
delta2_orthogonal,18150,0.003322,9.544547,0.913965
delta2_orthogonal,18151,0.003322,17.842466,1.066501
delta2_orthogonal,18152,0.003322,32.381841,0.90922
delta2_orthogonal,18153,0.003322,25.437056,1.17978
delta2_orthogonal,18154,0.019934,2.603302,0.983927
delta2_orthogonal,18155,0.003322,18.670989,0.937856
delta2_orthogonal,18156,0.003322,16.659607,1.059755
delta2_orthogonal,18157,0.003322,12.516758,1.107117
delta2_orthogonal,18158,0.003322,19.576782,1.068596
delta2_orthogonal,18159,0.003322,49.043828,1.008679
delta2_orthogonal,18160,0.003322,32.807759,1.067408
delta2_orthogonal,18161,0.003322,10.707532,0.862492
delta2_orthogonal,18162,0.003322,16.788087,0.987143
delta2_orthogonal,18163,0.003322,19.793089,0.92501
delta2_orthogonal,18164,0.003322,16.983504,0.983974
delta2_orthogonal,18165,0.019934,2.785293,0.920109
delta2_orthogonal,18166,0.003322,20.50418,1.104514
delta2_orthogonal,18167,0.003322,15.515461,0.912008
delta2_orthogonal,18168,0.003322,10.493035,1.199775
delta2_orthogonal,18169,0.003322,16.232044,0.975316
delta2_orthogonal,18170,0.003322,6.736248,1.108116
delta2_orthogonal,18171,0.003322,14.929254,1.077799
delta2_orthogonal,18172,0.003322,4.667154,0.994286
delta2_orthogonal,18173,0.003322,5.83686,1.133807
delta2_orthogonal,18174,0.003322,9.188196,0.935659
delta2_orthogonal,18175,0.003322,34.657235,1.05387
delta2_orthogonal,18176,0.003322,24.025564,1.077471
delta2_orthogonal,18177,0.003322,10.000145,0.853522
delta2_orthogonal,18178,0.003322,27.76227,1.116607
delta2_orthogonal,18179,0.003322,47.486122,1.07532
delta2_orthogonal,18180,0.003322,23.169061,1.117004
delta2_orthogonal,18181,0.003322,11.167127,1.096534
delta2_orthogonal,18182,0.003322,18.742648,1.018536
delta2_orthogonal,18183,0.003322,35.611572,1.029605
delta2_orthogonal,18184,0.003322,18.64565,1.115615
delta2_orthogonal,18185,0.003322,47.851766,0.979567
delta2_orthogonal,18186,0.003322,22.022225,0.876567
delta2_orthogonal,18187,0.003322,42.252123,1.086308
delta2_orthogonal,18188,0.003322,11.657874,1.060774
delta2_orthogonal,18189,0.003322,4.357429,0.887566
delta2_orthogonal,18190,0.003322,39.593558,0.921897
delta2_orthogonal,18191,0.003322,20.034862,0.971262
delta2_orthogonal,18192,0.003322,5.590093,0.941313
delta2_orthogonal,18193,0.003322,17.034567,1.0377
delta2_orthogonal,18194,0.003322,11.920369,1.184448
delta2_orthogonal,18195,0.003322,18.287864,0.950663
delta2_orthogonal,18196,0.003322,11.649862,1.101591
delta2_orthogonal,18197,0.003322,9.173584,1.04857
delta2_orthogonal,18198,0.003322,10.07487,1.010049
delta2_orthogonal,18199,0.003322,21.671034,1.193471
delta2_orthogonal,18200,0.003322,7.867444,0.928578
delta2_orthogonal,18201,0.003322,13.575087,0.979183
delta2_orthogonal,18202,0.003322,18.610987,0.946718
delta2_orthogonal,18203,0.003322,9.931095,1.134968
delta2_orthogonal,18204,0.003322,36.994122,0.93315
delta2_orthogonal,18205,0.003322,17.505569,1.059906
delta2_orthogonal,18206,0.003322,24.192512,0.993288
delta2_orthogonal,18207,0.003322,13.878858,1.01028
delta2_orthogonal,18208,0.003322,14.723731,0.93559
delta2_orthogonal,18209,0.003322,21.90655,1.039778
delta2_orthogonal,18210,0.003322,16.583771,1.112336
delta2_orthogonal,18211,0.003322,37.986153,0.993142
delta2_orthogonal,18212,0.003322,22.422133,0.991164
delta2_orthogonal,18213,0.003322,12.444451,1.098714
delta2_orthogonal,18214,0.003322,6.902635,1.113317
delta2_orthogonal,18215,0.003322,11.121372,0.925645
delta2_orthogonal,18216,0.003322,20.752379,1.023348
delta2_orthogonal,18217,0.056478,1.063167,0.952531
delta2_orthogonal,18218,0.003322,14.905444,1.057502
delta2_orthogonal,18219,0.003322,31.854571,1.068302
delta2_orthogonal,18220,0.003322,8.355265,1.115083
delta2_orthogonal,18221,0.009967,3.853556,0.969017
delta2_orthogonal,18222,0.003322,19.846036,1.089746
delta2_orthogonal,18223,0.003322,9.825427,0.956444
delta2_orthogonal,18224,0.003322,8.282846,0.938896
delta2_orthogonal,18225,0.003322,46.650527,1.098606
delta2_orthogonal,18226,0.003322,25.645866,1.048514
delta2_orthogonal,18227,0.003322,14.354965,1.073271
delta2_orthogonal,18228,0.003322,33.216419,0.99694
delta2_orthogonal,18229,0.003322,29.114681,0.908269
delta2_orthogonal,18230,0.003322,44.208879,1.014244
delta2_orthogonal,18231,0.003322,14.67621,0.987976
delta2_orthogonal,18232,0.003322,13.450149,0.93036
delta2_orthogonal,18233,0.003322,12.782134,0.960363
delta2_orthogonal,18234,0.003322,23.620316,0.991671
delta2_orthogonal,18235,0.003322,13.251448,1.06151
delta2_orthogonal,18236,0.003322,8.804422,1.077517
delta2_orthogonal,18237,0.003322,46.880193,0.976381
delta2_orthogonal,18238,0.003322,43.264406,1.005036
delta2_orthogonal,18239,0.003322,10.393882,1.094396
delta2_orthogonal,18240,0.003322,16.488345,0.805965
delta2_orthogonal,18241,0.003322,10.317857,0.941396
delta2_orthogonal,18242,0.003322,5.602737,0.917637
delta2_orthogonal,18243,0.003322,14.322368,1.030892
delta2_orthogonal,18244,0.003322,57.550282,0.95362
delta2_orthogonal,18245,0.003322,16.02343,0.99566
delta2_orthogonal,18246,0.003322,21.923038,0.822647
delta2_orthogonal,18247,0.003322,11.191089,0.789627
delta2_orthogonal,18248,0.003322,17.112176,1.015672
delta2_orthogonal,18249,0.003322,18.703023,1.067957
delta2_orthogonal,18250,0.003322,19.649592,1.135911
delta2_orthogonal,18251,0.003322,28.139062,0.996008
delta2_orthogonal,18252,0.003322,44.828989,0.973757
delta2_orthogonal,18253,0.003322,49.511701,0.93205
delta2_orthogonal,18254,0.003322,18.702715,0.957937
delta2_orthogonal,18255,0.003322,9.64982,0.991735
delta2_orthogonal,18256,0.003322,9.018239,0.973291
delta2_orthogonal,18257,0.033223,1.721639,0.954888
delta2_orthogonal,18258,0.003322,14.095636,1.035091
delta2_orthogonal,18259,0.003322,22.74138,1.020478
delta2_orthogonal,18260,0.109635,0.643865,1.067087
delta2_orthogonal,18261,0.003322,4.44253,1.041221
delta2_orthogonal,18262,0.003322,12.288741,0.877863
delta2_orthogonal,18263,0.003322,40.409766,1.119402
delta2_orthogonal,18264,0.003322,12.574108,0.966643
delta2_orthogonal,18265,0.009967,3.659281,1.06006
delta2_orthogonal,18266,0.003322,27.920657,1.00048
delta2_orthogonal,18267,0.003322,60.420951,0.995735
delta2_orthogonal,18268,0.003322,13.452072,0.885722
delta2_orthogonal,18269,0.003322,14.5397,1.00844
delta2_orthogonal,18270,0.003322,7.195269,0.962414
delta2_orthogonal,18271,0.003322,13.847633,1.140469
delta2_orthogonal,18272,0.003322,14.147339,1.126118
delta2_orthogonal,18273,0.003322,54.430777,1.037586
delta2_orthogonal,18274,0.003322,18.85938,1.001479
delta2_orthogonal,18275,0.003322,5.560809,1.007526
delta2_orthogonal,18276,0.003322,55.035144,1.022688
delta2_orthogonal,18277,0.003322,23.949688,0.958909
delta2_orthogonal,18278,0.003322,17.198499,1.047046
delta2_orthogonal,18279,0.003322,11.770999,1.091814
delta2_orthogonal,18280,0.003322,42.102692,1.036915
delta2_orthogonal,18281,0.003322,8.87596,0.954701
delta2_orthogonal,18282,0.003322,17.786366,0.76722
delta2_orthogonal,18283,0.003322,11.894123,0.989767
delta2_orthogonal,18284,0.003322,71.433378,0.931144
delta2_orthogonal,18285,0.003322,13.353065,1.145224
delta2_orthogonal,18286,0.003322,36.983673,1.120359
delta2_orthogonal,18287,0.003322,26.245045,0.942816
delta2_orthogonal,18288,0.003322,26.3883,0.918873
delta2_orthogonal,18289,0.003322,16.043186,1.031681
delta2_orthogonal,18290,0.003322,20.749015,1.060078
delta2_orthogonal,18291,0.003322,20.635993,0.908265
delta2_orthogonal,18292,0.003322,13.028937,0.899883
delta2_orthogonal,18293,0.003322,13.66896,0.979542
delta2_orthogonal,18294,0.003322,18.148878,1.058165
delta2_orthogonal,18295,0.003322,6.244721,0.939845
delta2_orthogonal,18296,0.003322,5.645662,1.070604
delta2_orthogonal,18297,0.003322,14.348337,1.119512
delta2_orthogonal,18298,0.003322,4.616933,1.032101
delta2_orthogonal,18299,0.003322,17.471288,0.998571
delta2_orthogonal,18300,0.003322,11.637172,1.190309
delta2_orthogonal,18301,0.003322,23.806225,1.074618
delta2_orthogonal,18302,0.003322,19.751808,0.982317
delta2_orthogonal,18303,0.003322,20.094667,0.859931
delta2_orthogonal,18304,0.003322,16.016346,0.975843
delta2_orthogonal,18305,0.003322,22.399657,0.974473
delta2_orthogonal,18306,0.003322,11.557254,0.977017
delta2_orthogonal,18307,0.003322,65.11412,1.229638
delta2_orthogonal,18308,0.003322,11.935751,0.887822
delta2_orthogonal,18309,0.003322,6.696567,1.022211
delta2_orthogonal,18310,0.003322,29.431524,0.99541
delta2_orthogonal,18311,0.003322,47.221824,1.017263
delta2_orthogonal,18312,0.003322,8.543813,0.954101
delta2_orthogonal,18313,0.003322,15.066113,0.943139
delta2_orthogonal,18314,0.003322,10.719656,0.975969
delta2_orthogonal,18315,0.003322,11.049705,1.029493
delta2_orthogonal,18316,0.003322,60.941358,1.066446
delta2_orthogonal,18317,0.003322,15.815825,1.076854
delta2_orthogonal,18318,0.003322,32.632586,0.995032
delta2_orthogonal,18319,0.003322,38.54071,0.792523
delta2_orthogonal,18320,0.003322,55.080399,0.988963
delta2_orthogonal,18321,0.003322,22.493095,1.08436
delta2_orthogonal,18322,0.003322,22.570138,1.033134
delta2_orthogonal,18323,0.003322,23.568328,1.167569
delta2_orthogonal,18324,0.003322,19.732705,0.958145
delta2_orthogonal,18325,0.003322,8.23079,1.011948
delta2_orthogonal,18326,0.003322,11.074021,1.011376
delta2_orthogonal,18327,0.003322,13.636032,1.113842
delta2_orthogonal,18328,0.003322,16.179999,0.954503
delta2_orthogonal,18329,0.003322,42.005708,1.076958
delta2_orthogonal,18330,0.003322,21.852662,1.057699
delta2_orthogonal,18331,0.003322,23.670601,0.943609
delta2_orthogonal,18332,0.003322,8.997221,0.954707
delta2_orthogonal,18333,0.003322,23.627182,1.132762
delta2_orthogonal,18334,0.003322,48.263374,0.984243
delta2_orthogonal,18335,0.003322,20.751581,0.98413
delta2_orthogonal,18336,0.003322,36.037719,1.053155
delta2_orthogonal,18337,0.003322,10.640057,0.990223
delta2_orthogonal,18338,0.003322,19.642314,0.86238
delta2_orthogonal,18339,0.003322,18.358632,0.97962
delta2_orthogonal,18340,0.033223,1.668971,0.883588
delta2_orthogonal,18341,0.003322,12.509314,1.155269
delta2_orthogonal,18342,0.003322,8.535637,0.993813
delta2_orthogonal,18343,0.003322,21.154703,1.002982
delta2_orthogonal,18344,0.003322,22.245017,0.999275
delta2_orthogonal,18345,0.003322,20.419957,1.10482
delta2_orthogonal,18346,0.003322,22.034445,0.978524
delta2_orthogonal,18347,0.003322,22.804255,1.066178
delta2_orthogonal,18348,0.003322,55.880196,0.986082
delta2_orthogonal,18349,0.003322,26.186689,1.05762
delta2_orthogonal,18350,0.003322,10.885948,1.044054
delta2_orthogonal,18351,0.003322,12.360567,1.032369
delta2_orthogonal,18352,0.003322,9.964222,0.909064
delta2_orthogonal,18353,0.003322,51.532545,0.840969
delta2_orthogonal,18354,0.003322,12.518094,1.003786
delta2_orthogonal,18355,0.003322,14.364767,1.073444
delta2_orthogonal,18356,0.003322,40.262464,0.855092
delta2_orthogonal,18357,0.003322,12.385973,0.842037
delta2_orthogonal,18358,0.003322,17.681205,0.987979
delta2_orthogonal,18359,0.003322,47.872645,1.017406
delta2_orthogonal,18360,0.003322,18.346681,0.928561
delta2_orthogonal,18361,0.003322,32.585226,0.989361
delta2_orthogonal,18362,0.003322,9.408215,1.001702
delta2_orthogonal,18363,0.003322,16.066993,1.014741
delta2_orthogonal,18364,0.003322,25.678826,0.972883
delta2_orthogonal,18365,0.003322,19.499674,1.192337
delta2_orthogonal,18366,0.003322,17.311583,0.992984
delta2_orthogonal,18367,0.003322,12.602711,1.037559
delta2_orthogonal,18368,0.003322,26.935662,0.93529
delta2_orthogonal,18369,0.003322,8.353428,1.032517
delta2_orthogonal,18370,0.003322,55.343952,0.863059
delta2_orthogonal,18371,0.003322,17.875263,0.946703
delta2_orthogonal,18372,0.009967,3.596694,0.9264
delta2_orthogonal,18373,0.003322,11.738878,1.114013
delta2_orthogonal,18374,0.003322,20.67765,0.970922
delta2_orthogonal,18375,0.003322,7.027256,1.052273
delta2_orthogonal,18376,0.003322,43.042868,0.943435
delta2_orthogonal,18377,0.003322,22.413326,1.167509
delta2_orthogonal,18378,0.003322,6.99884,1.059629
delta2_orthogonal,18379,0.003322,33.16954,0.99842
delta2_orthogonal,18380,0.003322,18.408732,1.134342
delta2_orthogonal,18381,0.003322,20.988524,1.12562
delta2_orthogonal,18382,0.003322,11.112396,1.181219
delta2_orthogonal,18383,0.003322,13.981111,0.860455
delta2_orthogonal,18384,0.003322,21.157763,1.009786
delta2_orthogonal,18385,0.003322,9.404982,0.961528
delta2_orthogonal,18386,0.003322,11.122833,0.970441
delta2_orthogonal,18387,0.003322,14.994484,1.029111
delta2_orthogonal,18388,0.003322,20.303651,0.986627
delta2_orthogonal,18389,0.003322,9.87661,1.055201
delta2_orthogonal,18390,0.003322,38.32859,1.025821
delta2_orthogonal,18391,0.003322,8.589077,1.010129
delta2_orthogonal,18392,0.003322,15.845432,0.983184
delta2_orthogonal,18393,0.003322,12.114374,0.928109
delta2_orthogonal,18394,0.003322,6.042983,1.079226
delta2_orthogonal,18395,0.003322,27.37953,1.001618
delta2_orthogonal,18396,0.003322,5.697123,0.992815
delta2_orthogonal,18397,0.003322,19.295372,0.888014
delta2_orthogonal,18398,0.003322,14.735815,0.89159
delta2_orthogonal,18399,0.003322,43.455908,0.795844
